3;[ -2, 0, 2, 4, 6, 8, 10 ];[ 0, 3, 8, 6, 8, 3, 0 ];1.9048;7.1111;33.862
5;[ -2, 0, 2, 4, 6, 8, 10, 12, 14 ];[ 0, 8, 24, 36, 32, 36, 24, 8, 0 ];1.9429;8.1371;45.129
7;[ -2, 0, 2, 4, 6, 8, 10, 12, 14, 16, 18 ];[ 0, 10, 38, 74, 90, 92, 90, 74, 38, 10, 0 ];5.9003;26.244;159.44
9;[ -2, 0, 2, 4, 6, 8, 10, 12, 14, 16, 18, 20, 22 ];[ 0, 8, 40, 112, 148, 160, 232, 160, 148, 112, 40, 8, 0 ];1.9787;9.0782;57.143
11;[ 0, 2, 4, 6, 8, 10, 12, 14, 16, 18, 20, 22, 24 ];[ 5, 30, 130, 180, 280, 310, 350, 310, 280, 180, 130, 30, 5 ];1.9853;9.2776;59.952
13;[ 0, 2, 4, 6, 8, 10, 12, 14, 16, 18, 20, 22, 24, 26, 28 ];[ 0, 28, 96, 228, 300, 488, 472, 544, 472, 488, 300, 228, 96, 28, 0 ];5.9677;28.227;185.11
17;[ 2, 4, 6, 8, 10, 12, 14, 16, 18, 20, 22, 24, 26, 28, 30, 32, 34 ];[ 0, 48, 168, 320, 576, 704, 1040, 896, 1232, 896, 1040, 704, 576, 320, 168, 48, 0 ];1.9935;9.5693;63.896
19;[ 4, 6, 8, 10, 12, 14, 16, 18, 20, 22, 24, 26, 28, 30, 32, 34, 36 ];[ 12, 108, 342, 414, 888, 978, 1377, 1260, 1590, 1260, 1377, 978, 888, 414, 342, 108, 12 ];5.9844;28.865;193.67
23;[ 6, 8, 10, 12, 14, 16, 18, 20, 22, 24, 26, 28, 30, 32, 34, 36, 38, 40, 42 ];[ 22, 132, 264, 836, 968, 1562, 1606, 2266, 2068, 2860, 2068, 2266, 1606, 1562, 968, 836, 264, 132, 22 ];1.9964;9.6958;65.646
25;[ 6, 8, 10, 12, 14, 16, 18, 20, 22, 24, 26, 28, 30, 32, 34, 36, 38, 40, 42, 44, 46 ];[ 4, 24, 336, 408, 1032, 1376, 1992, 2088, 2880, 2448, 3672, 2448, 2880, 2088, 1992, 1376, 1032, 408, 336, 24, 4 ];5.9908;29.170;197.95
29;[ 10, 12, 14, 16, 18, 20, 22, 24, 26, 28, 30, 32, 34, 36, 38, 40, 42, 44, 46, 48, 50 ];[ 28, 252, 644, 952, 1932, 1848, 3220, 3332, 4452, 3556, 5096, 3556, 4452, 3332, 3220, 1848, 1932, 952, 644, 252, 28 ];1.9977;9.7656;66.591
31;[ 10, 12, 14, 16, 18, 20, 22, 24, 26, 28, 30, 32, 34, 36, 38, 40, 42, 44, 46, 48, 50, 52, 54 ];[ 0, 120, 340, 960, 1260, 2400, 2340, 4160, 3660, 5200, 4560, 5860, 4560, 5200, 3660, 4160, 2340, 2400, 1260, 960, 340, 120, 0 ];5.9940;29.347;200.56
37;[ 14, 16, 18, 20, 22, 24, 26, 28, 30, 32, 34, 36, 38, 40, 42, 44, 46, 48, 50, 52, 54, 56, 58, 60, 62 ];[ 0, 144, 564, 1116, 2124, 2412, 4476, 4224, 6552, 6120, 8856, 6732, 9336, 6732, 8856, 6120, 6552, 4224, 4476, 2412, 2124, 1116, 564, 144, 0 ];5.9957;29.462;202.17
41;[ 18, 20, 22, 24, 26, 28, 30, 32, 34, 36, 38, 40, 42, 44, 46, 48, 50, 52, 54, 56, 58, 60, 62, 64, 66 ];[ 120, 360, 1120, 1760, 3320, 3520, 6900, 5280, 8640, 8240, 10640, 9120, 13240, 9120, 10640, 8240, 8640, 5280, 6900, 3520, 3320, 1760, 1120, 360, 120 ];1.9988;9.8397;67.655
43;[ 18, 20, 22, 24, 26, 28, 30, 32, 34, 36, 38, 40, 42, 44, 46, 48, 50, 52, 54, 56, 58, 60, 62, 64, 66, 68, 70 ];[ 0, 210, 546, 1575, 2156, 4270, 3948, 7098, 6888, 10724, 8736, 11844, 10374, 15050, 10374, 11844, 8736, 10724, 6888, 7098, 3948, 4270, 2156, 1575, 546, 210, 0 ];5.9968;29.543;203.29
47;[ 22, 24, 26, 28, 30, 32, 34, 36, 38, 40, 42, 44, 46, 48, 50, 52, 54, 56, 58, 60, 62, 64, 66, 68, 70, 72, 74 ];[ 46, 598, 1012, 2622, 3312, 5796, 5244, 9706, 8694, 13202, 12512, 14996, 11868, 19780, 11868, 14996, 12512, 13202, 8694, 9706, 5244, 5796, 3312, 2622, 1012, 598, 46 ];1.9991;9.8617;67.975
49;[ 22, 24, 26, 28, 30, 32, 34, 36, 38, 40, 42, 44, 46, 48, 50, 52, 54, 56, 58, 60, 62, 64, 66, 68, 70, 72, 74, 76, 78 ];[ 24, 96, 880, 1488, 2928, 3504, 7056, 7488, 10320, 9552, 14544, 12672, 18128, 13600, 21328, 13600, 18128, 12672, 14544, 9552, 10320, 7488, 7056, 3504, 2928, 1488, 880, 96, 24 ];5.9976;29.603;204.16
53;[ 26, 28, 30, 32, 34, 36, 38, 40, 42, 44, 46, 48, 50, 52, 54, 56, 58, 60, 62, 64, 66, 68, 70, 72, 74, 76, 78, 80, 82 ];[ 52, 468, 1560, 2080, 4524, 5824, 8528, 7800, 15184, 11804, 17992, 16536, 21216, 16796, 26000, 16796, 21216, 16536, 17992, 11804, 15184, 7800, 8528, 5824, 4524, 2080, 1560, 468, 52 ];1.9993;9.8784;68.204
59;[ 30, 32, 34, 36, 38, 40, 42, 44, 46, 48, 50, 52, 54, 56, 58, 60, 62, 64, 66, 68, 70, 72, 74, 76, 78, 80, 82, 84, 86, 88, 90 ];[ 58, 348, 1102, 3886, 3422, 6786, 8120, 13514, 11890, 19517, 15660, 24708, 23258, 27550, 21170, 35090, 21170, 27550, 23258, 24708, 15660, 19517, 11890, 13514, 8120, 6786, 3422, 3886, 1102, 348, 58 ];1.9994;9.8915;68.409
61;[ 32, 34, 36, 38, 40, 42, 44, 46, 48, 50, 52, 54, 56, 58, 60, 62, 64, 66, 68, 70, 72, 74, 76, 78, 80, 82, 84, 86, 88, 90, 92 ];[ 60, 880, 1380, 3720, 4380, 8880, 9300, 14040, 13280, 22040, 17220, 27540, 22920, 31620, 25080, 34640, 25080, 31620, 22920, 27540, 17220, 22040, 13280, 14040, 9300, 8880, 4380, 3720, 1380, 880, 60 ];5.9984;29.686;205.38
67;[ 36, 38, 40, 42, 44, 46, 48, 50, 52, 54, 56, 58, 60, 62, 64, 66, 68, 70, 72, 74, 76, 78, 80, 82, 84, 86, 88, 90, 92, 94, 96, 98, 100 ];[ 44, 462, 1881, 2970, 6600, 6666, 11946, 12540, 21934, 16236, 27126, 24486, 36564, 29854, 37818, 30954, 47674, 30954, 37818, 29854, 36564, 24486, 27126, 16236, 21934, 12540, 11946, 6666, 6600, 2970, 1881, 462, 44 ];5.9987;29.716;205.80
71;[ 40, 42, 44, 46, 48, 50, 52, 54, 56, 58, 60, 62, 64, 66, 68, 70, 72, 74, 76, 78, 80, 82, 84, 86, 88, 90, 92, 94, 96, 98, 100, 102, 104 ];[ 210, 1120, 3150, 3220, 9380, 8610, 14980, 17150, 23590, 19950, 34440, 26250, 42910, 36470, 42560, 35070, 57820, 35070, 42560, 36470, 42910, 26250, 34440, 19950, 23590, 17150, 14980, 8610, 9380, 3220, 3150, 1120, 210 ];1.9996;9.9108;68.681
73;[ 40, 42, 44, 46, 48, 50, 52, 54, 56, 58, 60, 62, 64, 66, 68, 70, 72, 74, 76, 78, 80, 82, 84, 86, 88, 90, 92, 94, 96, 98, 100, 102, 104, 106, 108 ];[ 0, 432, 1656, 3312, 4248, 9960, 9792, 18408, 17568, 25560, 22320, 36648, 30264, 44352, 35496, 51444, 39384, 55320, 39384, 51444, 35496, 44352, 30264, 36648, 22320, 25560, 17568, 18408, 9792, 9960, 4248, 3312, 1656, 432, 0 ];5.9989;29.740;206.16
79;[ 46, 48, 50, 52, 54, 56, 58, 60, 62, 64, 66, 68, 70, 72, 74, 76, 78, 80, 82, 84, 86, 88, 90, 92, 94, 96, 98, 100, 102, 104, 106, 108, 110, 112, 114 ];[ 156, 1716, 2366, 5304, 7410, 15756, 13104, 21996, 21450, 36504, 30186, 43368, 36894, 55900, 44616, 60632, 47658, 71396, 47658, 60632, 44616, 55900, 36894, 43368, 30186, 36504, 21450, 21996, 13104, 15756, 7410, 5304, 2366, 1716, 156 ];5.9990;29.761;206.45
81;[ 46, 48, 50, 52, 54, 56, 58, 60, 62, 64, 66, 68, 70, 72, 74, 76, 78, 80, 82, 84, 86, 88, 90, 92, 94, 96, 98, 100, 102, 104, 106, 108, 110, 112, 114, 116, 118 ];[ 0, 400, 1360, 4480, 5400, 7040, 22240, 11040, 19200, 34880, 29680, 23280, 72000, 30560, 46240, 67840, 51200, 40240, 102800, 40240, 51200, 67840, 46240, 30560, 72000, 23280, 29680, 34880, 19200, 11040, 22240, 7040, 5400, 4480, 1360, 400, 0 ];1.9997;9.9224;68.854
83;[ 48, 50, 52, 54, 56, 58, 60, 62, 64, 66, 68, 70, 72, 74, 76, 78, 80, 82, 84, 86, 88, 90, 92, 94, 96, 98, 100, 102, 104, 106, 108, 110, 112, 114, 116, 118, 120 ];[ 41, 574, 2214, 4018, 7872, 8774, 19352, 15006, 26404, 28290, 41000, 31570, 53710, 40344, 64780, 55596, 62156, 52316, 88314, 52316, 62156, 55596, 64780, 40344, 53710, 31570, 41000, 28290, 26404, 15006, 19352, 8774, 7872, 4018, 2214, 574, 41 ];1.9997;9.9243;68.882
89;[ 54, 56, 58, 60, 62, 64, 66, 68, 70, 72, 74, 76, 78, 80, 82, 84, 86, 88, 90, 92, 94, 96, 98, 100, 102, 104, 106, 108, 110, 112, 114, 116, 118, 120, 122, 124, 126 ];[ 484, 968, 4224, 7480, 11264, 11792, 25608, 19800, 34232, 33968, 49368, 40656, 69784, 48664, 71280, 66792, 81752, 61600, 99176, 61600, 81752, 66792, 71280, 48664, 69784, 40656, 49368, 33968, 34232, 19800, 25608, 11792, 11264, 7480, 4224, 968, 484 ];1.9998;9.9296;68.952
97;[ 60, 62, 64, 66, 68, 70, 72, 74, 76, 78, 80, 82, 84, 86, 88, 90, 92, 94, 96, 98, 100, 102, 104, 106, 108, 110, 112, 114, 116, 118, 120, 122, 124, 126, 128, 130, 132, 134, 136 ];[ 192, 2016, 3072, 8160, 9696, 17920, 20064, 33344, 28608, 48048, 41856, 66240, 52928, 82752, 65280, 91968, 77088, 106560, 79104, 118304, 79104, 106560, 77088, 91968, 65280, 82752, 52928, 66240, 41856, 48048, 28608, 33344, 20064, 17920, 9696, 8160, 3072, 2016, 192 ];5.9994;29.807;207.14
101;[ 62, 64, 66, 68, 70, 72, 74, 76, 78, 80, 82, 84, 86, 88, 90, 92, 94, 96, 98, 100, 102, 104, 106, 108, 110, 112, 114, 116, 118, 120, 122, 124, 126, 128, 130, 132, 134, 136, 138, 140, 142 ];[ 0, 500, 3300, 4000, 10300, 14200, 21700, 21200, 40700, 32700, 52200, 52700, 68300, 57500, 103600, 70900, 100300, 88100, 113000, 84900, 140000, 84900, 113000, 88100, 100300, 70900, 103600, 57500, 68300, 52700, 52200, 32700, 40700, 21200, 21700, 14200, 10300, 4000, 3300, 500, 0 ];1.9998;9.9382;69.082
103;[ 64, 66, 68, 70, 72, 74, 76, 78, 80, 82, 84, 86, 88, 90, 92, 94, 96, 98, 100, 102, 104, 106, 108, 110, 112, 114, 116, 118, 120, 122, 124, 126, 128, 130, 132, 134, 136, 138, 140, 142, 144 ];[ 68, 918, 3162, 4998, 14076, 14178, 22032, 21828, 45696, 36414, 57562, 52326, 76194, 61914, 95166, 79866, 119646, 86836, 114240, 93330, 142528, 93330, 114240, 86836, 119646, 79866, 95166, 61914, 76194, 52326, 57562, 36414, 45696, 21828, 22032, 14178, 14076, 4998, 3162, 918, 68 ];5.9995;29.819;207.31
107;[ 68, 70, 72, 74, 76, 78, 80, 82, 84, 86, 88, 90, 92, 94, 96, 98, 100, 102, 104, 106, 108, 110, 112, 114, 116, 118, 120, 122, 124, 126, 128, 130, 132, 134, 136, 138, 140, 142, 144, 146, 148 ];[ 318, 1378, 5724, 6784, 14628, 18126, 26394, 26924, 56180, 38054, 61268, 60208, 89464, 67840, 110505, 82680, 122960, 109286, 123490, 96248, 167798, 96248, 123490, 109286, 122960, 82680, 110505, 67840, 89464, 60208, 61268, 38054, 56180, 26924, 26394, 18126, 14628, 6784, 5724, 1378, 318 ];1.9998;9.9419;69.134
109;[ 70, 72, 74, 76, 78, 80, 82, 84, 86, 88, 90, 92, 94, 96, 98, 100, 102, 104, 106, 108, 110, 112, 114, 116, 118, 120, 122, 124, 126, 128, 130, 132, 134, 136, 138, 140, 142, 144, 146, 148, 150 ];[ 540, 1836, 6516, 7776, 16416, 18576, 31968, 31428, 49788, 43632, 71064, 59400, 94608, 74736, 115668, 87912, 126036, 105300, 144468, 105984, 155664, 105984, 144468, 105300, 126036, 87912, 115668, 74736, 94608, 59400, 71064, 43632, 49788, 31428, 31968, 18576, 16416, 7776, 6516, 1836, 540 ];5.9995;29.829;207.46
113;[ 72, 74, 76, 78, 80, 82, 84, 86, 88, 90, 92, 94, 96, 98, 100, 102, 104, 106, 108, 110, 112, 114, 116, 118, 120, 122, 124, 126, 128, 130, 132, 134, 136, 138, 140, 142, 144, 146, 148, 150, 152, 154, 156 ];[ 112, 1008, 2688, 8792, 10304, 20944, 22624, 35056, 31248, 64736, 48832, 77280, 73920, 95088, 76048, 139552, 98448, 137200, 121520, 147392, 112224, 185136, 112224, 147392, 121520, 137200, 98448, 139552, 76048, 95088, 73920, 77280, 48832, 64736, 31248, 35056, 22624, 20944, 10304, 8792, 2688, 1008, 112 ];1.9998;9.9451;69.186
121;[ 78, 80, 82, 84, 86, 88, 90, 92, 94, 96, 98, 100, 102, 104, 106, 108, 110, 112, 114, 116, 118, 120, 122, 124, 126, 128, 130, 132, 134, 136, 138, 140, 142, 144, 146, 148, 150, 152, 154, 156, 158, 160, 162, 164, 166 ];[ 200, 120, 3600, 5880, 12960, 17280, 29520, 29760, 49740, 40680, 73080, 67000, 100440, 86400, 121920, 95520, 157680, 120000, 171600, 132600, 180480, 139200, 213720, 139200, 180480, 132600, 171600, 120000, 157680, 95520, 121920, 86400, 100440, 67000, 73080, 40680, 49740, 29760, 29520, 17280, 12960, 5880, 3600, 120, 200 ];5.9996;29.846;207.71
125;[ 82, 84, 86, 88, 90, 92, 94, 96, 98, 100, 102, 104, 106, 108, 110, 112, 114, 116, 118, 120, 122, 124, 126, 128, 130, 132, 134, 136, 138, 140, 142, 144, 146, 148, 150, 152, 154, 156, 158, 160, 162, 164, 166, 168, 170 ];[ 124, 1488, 6324, 6324, 16120, 16740, 31620, 45012, 52948, 46624, 85560, 61876, 127224, 96844, 128712, 95232, 171492, 149172, 162936, 153264, 187736, 137268, 282968, 137268, 187736, 153264, 162936, 149172, 171492, 95232, 128712, 96844, 127224, 61876, 85560, 46624, 52948, 45012, 31620, 16740, 16120, 6324, 6324, 1488, 124 ];1.9999;9.9504;69.267
127;[ 84, 86, 88, 90, 92, 94, 96, 98, 100, 102, 104, 106, 108, 110, 112, 114, 116, 118, 120, 122, 124, 126, 128, 130, 132, 134, 136, 138, 140, 142, 144, 146, 148, 150, 152, 154, 156, 158, 160, 162, 164, 166, 168, 170, 172 ];[ 378, 2142, 5250, 8946, 18522, 19782, 37800, 34902, 59220, 51912, 100422, 70686, 111804, 98196, 145908, 118692, 156618, 135576, 203112, 156114, 202482, 152460, 250908, 152460, 202482, 156114, 203112, 135576, 156618, 118692, 145908, 98196, 111804, 70686, 100422, 51912, 59220, 34902, 37800, 19782, 18522, 8946, 5250, 2142, 378 ];5.9996;29.854;207.83
131;[ 88, 90, 92, 94, 96, 98, 100, 102, 104, 106, 108, 110, 112, 114, 116, 118, 120, 122, 124, 126, 128, 130, 132, 134, 136, 138, 140, 142, 144, 146, 148, 150, 152, 154, 156, 158, 160, 162, 164, 166, 168, 170, 172, 174, 176 ];[ 390, 3120, 9100, 9490, 22815, 21190, 46800, 47190, 61620, 52780, 111410, 81120, 113750, 116220, 157560, 120640, 197340, 137540, 217230, 181350, 203320, 161720, 280670, 161720, 203320, 181350, 217230, 137540, 197340, 120640, 157560, 116220, 113750, 81120, 111410, 52780, 61620, 47190, 46800, 21190, 22815, 9490, 9100, 3120, 390 ];1.9999;9.9528;69.298
137;[ 92, 94, 96, 98, 100, 102, 104, 106, 108, 110, 112, 114, 116, 118, 120, 122, 124, 126, 128, 130, 132, 134, 136, 138, 140, 142, 144, 146, 148, 150, 152, 154, 156, 158, 160, 162, 164, 166, 168, 170, 172, 174, 176, 178, 180, 182, 184 ];[ 136, 2448, 3536, 13736, 13736, 30600, 29240, 46104, 59840, 76432, 68816, 130424, 82960, 143480, 127704, 169728, 140080, 230044, 159256, 221816, 204136, 250104, 177208, 305048, 177208, 250104, 204136, 221816, 159256, 230044, 140080, 169728, 127704, 143480, 82960, 130424, 68816, 76432, 59840, 46104, 29240, 30600, 13736, 13736, 3536, 2448, 136 ];1.9999;9.9550;69.329
139;[ 94, 96, 98, 100, 102, 104, 106, 108, 110, 112, 114, 116, 118, 120, 122, 124, 126, 128, 130, 132, 134, 136, 138, 140, 142, 144, 146, 148, 150, 152, 154, 156, 158, 160, 162, 164, 166, 168, 170, 172, 174, 176, 178, 180, 182, 184, 186 ];[ 276, 2139, 6210, 14352, 14352, 32706, 31050, 59432, 54832, 79764, 73830, 132480, 92736, 140208, 128478, 200560, 153594, 207966, 170844, 258198, 190854, 252126, 197064, 306406, 197064, 252126, 190854, 258198, 170844, 207966, 153594, 200560, 128478, 140208, 92736, 132480, 73830, 79764, 54832, 59432, 31050, 32706, 14352, 14352, 6210, 2139, 276 ];5.9997;29.867;208.02
149;[ 102, 104, 106, 108, 110, 112, 114, 116, 118, 120, 122, 124, 126, 128, 130, 132, 134, 136, 138, 140, 142, 144, 146, 148, 150, 152, 154, 156, 158, 160, 162, 164, 166, 168, 170, 172, 174, 176, 178, 180, 182, 184, 186, 188, 190, 192, 194, 196, 198 ];[ 444, 1332, 6512, 11544, 21756, 25604, 50912, 39072, 74000, 75036, 108928, 92648, 165908, 112184, 177600, 169460, 224072, 174344, 294372, 195804, 268472, 254560, 310060, 221112, 376216, 221112, 310060, 254560, 268472, 195804, 294372, 174344, 224072, 169460, 177600, 112184, 165908, 92648, 108928, 75036, 74000, 39072, 50912, 25604, 21756, 11544, 6512, 1332, 444 ];1.9999;9.9586;69.384
151;[ 104, 106, 108, 110, 112, 114, 116, 118, 120, 122, 124, 126, 128, 130, 132, 134, 136, 138, 140, 142, 144, 146, 148, 150, 152, 154, 156, 158, 160, 162, 164, 166, 168, 170, 172, 174, 176, 178, 180, 182, 184, 186, 188, 190, 192, 194, 196, 198, 200 ];[ 450, 2250, 6750, 13100, 26850, 25350, 49350, 44700, 86850, 73650, 112050, 94800, 168000, 130800, 186900, 164100, 240450, 185700, 268350, 216600, 332200, 233700, 300950, 244050, 379400, 244050, 300950, 233700, 332200, 216600, 268350, 185700, 240450, 164100, 186900, 130800, 168000, 94800, 112050, 73650, 86850, 44700, 49350, 25350, 26850, 13100, 6750, 2250, 450 ];5.9998;29.878;208.18
157;[ 108, 110, 112, 114, 116, 118, 120, 122, 124, 126, 128, 130, 132, 134, 136, 138, 140, 142, 144, 146, 148, 150, 152, 154, 156, 158, 160, 162, 164, 166, 168, 170, 172, 174, 176, 178, 180, 182, 184, 186, 188, 190, 192, 194, 196, 198, 200, 202, 204, 206, 208 ];[ 0, 936, 5304, 11856, 14508, 34008, 29172, 65728, 56472, 94692, 89232, 126464, 116532, 177996, 139620, 228852, 179868, 270504, 207376, 306852, 243360, 323544, 267540, 368004, 257244, 410488, 257244, 368004, 267540, 323544, 243360, 306852, 207376, 270504, 179868, 228852, 139620, 177996, 116532, 126464, 89232, 94692, 56472, 65728, 29172, 34008, 14508, 11856, 5304, 936, 0 ];5.9998;29.883;208.25
163;[ 114, 116, 118, 120, 122, 124, 126, 128, 130, 132, 134, 136, 138, 140, 142, 144, 146, 148, 150, 152, 154, 156, 158, 160, 162, 164, 166, 168, 170, 172, 174, 176, 178, 180, 182, 184, 186, 188, 190, 192, 194, 196, 198, 200, 202, 204, 206, 208, 210, 212, 214 ];[ 324, 2916, 6642, 17496, 19008, 43578, 40338, 72576, 64800, 111942, 101088, 147420, 126522, 212058, 163782, 238464, 204606, 306126, 219348, 330156, 267786, 405540, 285444, 357291, 298080, 469206, 298080, 357291, 285444, 405540, 267786, 330156, 219348, 306126, 204606, 238464, 163782, 212058, 126522, 147420, 101088, 111942, 64800, 72576, 40338, 43578, 19008, 17496, 6642, 2916, 324 ];5.9998;29.887;208.32
167;[ 118, 120, 122, 124, 126, 128, 130, 132, 134, 136, 138, 140, 142, 144, 146, 148, 150, 152, 154, 156, 158, 160, 162, 164, 166, 168, 170, 172, 174, 176, 178, 180, 182, 184, 186, 188, 190, 192, 194, 196, 198, 200, 202, 204, 206, 208, 210, 212, 214, 216, 218 ];[ 166, 6972, 8466, 17264, 25730, 49302, 41002, 86486, 71380, 121180, 122176, 143922, 134958, 259458, 158862, 248004, 227420, 319716, 236052, 372836, 273568, 392258, 339470, 382962, 294318, 536180, 294318, 382962, 339470, 392258, 273568, 372836, 236052, 319716, 227420, 248004, 158862, 259458, 134958, 143922, 122176, 121180, 71380, 86486, 41002, 49302, 25730, 17264, 8466, 6972, 166 ];1.9999;9.9633;69.450
169;[ 118, 120, 122, 124, 126, 128, 130, 132, 134, 136, 138, 140, 142, 144, 146, 148, 150, 152, 154, 156, 158, 160, 162, 164, 166, 168, 170, 172, 174, 176, 178, 180, 182, 184, 186, 188, 190, 192, 194, 196, 198, 200, 202, 204, 206, 208, 210, 212, 214, 216, 218, 220, 222 ];[ 420, 840, 6552, 6552, 24808, 27048, 50904, 48888, 86016, 78792, 122304, 114072, 170688, 149184, 235088, 178640, 275520, 226128, 337512, 251328, 373464, 280224, 382032, 316008, 447552, 326256, 506408, 326256, 447552, 316008, 382032, 280224, 373464, 251328, 337512, 226128, 275520, 178640, 235088, 149184, 170688, 114072, 122304, 78792, 86016, 48888, 50904, 27048, 24808, 6552, 6552, 840, 420 ];5.9998;29.891;208.37
173;[ 122, 124, 126, 128, 130, 132, 134, 136, 138, 140, 142, 144, 146, 148, 150, 152, 154, 156, 158, 160, 162, 164, 166, 168, 170, 172, 174, 176, 178, 180, 182, 184, 186, 188, 190, 192, 194, 196, 198, 200, 202, 204, 206, 208, 210, 212, 214, 216, 218, 220, 222, 224, 226 ];[ 172, 2236, 8600, 13416, 22876, 34572, 56072, 47128, 105092, 79464, 137600, 142588, 179396, 143964, 265912, 189716, 296356, 254904, 318372, 250948, 442040, 294120, 419508, 368080, 437224, 328692, 558312, 328692, 437224, 368080, 419508, 294120, 442040, 250948, 318372, 254904, 296356, 189716, 265912, 143964, 179396, 142588, 137600, 79464, 105092, 47128, 56072, 34572, 22876, 13416, 8600, 2236, 172 ];1.9999;9.9645;69.472
179;[ 128, 130, 132, 134, 136, 138, 140, 142, 144, 146, 148, 150, 152, 154, 156, 158, 160, 162, 164, 166, 168, 170, 172, 174, 176, 178, 180, 182, 184, 186, 188, 190, 192, 194, 196, 198, 200, 202, 204, 206, 208, 210, 212, 214, 216, 218, 220, 222, 224, 226, 228, 230, 232 ];[ 534, 5162, 11392, 14062, 37914, 39694, 65682, 58028, 122019, 95764, 156284, 156462, 188146, 159666, 325740, 206480, 291386, 283020, 394270, 281596, 445356, 320756, 485406, 409400, 451764, 351550, 628162, 351550, 451764, 409400, 485406, 320756, 445356, 281596, 394270, 283020, 291386, 206480, 325740, 159666, 188146, 156462, 156284, 95764, 122019, 58028, 65682, 39694, 37914, 14062, 11392, 5162, 534 ];1.9999;9.9657;69.489
181;[ 130, 132, 134, 136, 138, 140, 142, 144, 146, 148, 150, 152, 154, 156, 158, 160, 162, 164, 166, 168, 170, 172, 174, 176, 178, 180, 182, 184, 186, 188, 190, 192, 194, 196, 198, 200, 202, 204, 206, 208, 210, 212, 214, 216, 218, 220, 222, 224, 226, 228, 230, 232, 234 ];[ 1380, 3600, 15660, 17820, 37620, 41040, 69480, 65340, 120600, 98640, 174240, 150120, 221940, 177900, 279540, 217980, 334980, 282240, 386100, 310500, 473640, 340200, 481500, 361980, 514080, 395100, 582720, 395100, 514080, 361980, 481500, 340200, 473640, 310500, 386100, 282240, 334980, 217980, 279540, 177900, 221940, 150120, 174240, 98640, 120600, 65340, 69480, 41040, 37620, 17820, 15660, 3600, 1380 ];5.9998;29.898;208.48
191;[ 138, 140, 142, 144, 146, 148, 150, 152, 154, 156, 158, 160, 162, 164, 166, 168, 170, 172, 174, 176, 178, 180, 182, 184, 186, 188, 190, 192, 194, 196, 198, 200, 202, 204, 206, 208, 210, 212, 214, 216, 218, 220, 222, 224, 226, 228, 230, 232, 234, 236, 238, 240, 242, 244, 246 ];[ 950, 3990, 8360, 29070, 22230, 48260, 60990, 97850, 84550, 149910, 117040, 205580, 198360, 244530, 197980, 386270, 249470, 356440, 351690, 459230, 326800, 545110, 376770, 578360, 470250, 525920, 428640, 741380, 428640, 525920, 470250, 578360, 376770, 545110, 326800, 459230, 351690, 356440, 249470, 386270, 197980, 244530, 198360, 205580, 117040, 149910, 84550, 97850, 60990, 48260, 22230, 29070, 8360, 3990, 950 ];1.9999;9.9679;69.522
193;[ 140, 142, 144, 146, 148, 150, 152, 154, 156, 158, 160, 162, 164, 166, 168, 170, 172, 174, 176, 178, 180, 182, 184, 186, 188, 190, 192, 194, 196, 198, 200, 202, 204, 206, 208, 210, 212, 214, 216, 218, 220, 222, 224, 226, 228, 230, 232, 234, 236, 238, 240, 242, 244, 246, 248 ];[ 192, 6144, 10752, 27136, 28992, 51360, 58944, 106368, 95808, 155904, 119808, 207360, 189696, 286080, 218112, 329472, 264576, 428544, 334464, 465792, 350784, 548160, 421248, 583296, 441792, 585920, 450880, 694720, 450880, 585920, 441792, 583296, 421248, 548160, 350784, 465792, 334464, 428544, 264576, 329472, 218112, 286080, 189696, 207360, 119808, 155904, 95808, 106368, 58944, 51360, 28992, 27136, 10752, 6144, 192 ];5.9998;29.905;208.58
197;[ 142, 144, 146, 148, 150, 152, 154, 156, 158, 160, 162, 164, 166, 168, 170, 172, 174, 176, 178, 180, 182, 184, 186, 188, 190, 192, 194, 196, 198, 200, 202, 204, 206, 208, 210, 212, 214, 216, 218, 220, 222, 224, 226, 228, 230, 232, 234, 236, 238, 240, 242, 244, 246, 248, 250, 252, 254 ];[ 0, 2744, 5684, 13132, 32536, 30380, 67424, 70756, 106624, 92316, 181104, 136024, 206976, 228732, 281064, 228928, 410032, 258328, 421400, 363188, 483924, 368284, 625828, 425516, 560560, 511756, 621712, 445704, 774984, 445704, 621712, 511756, 560560, 425516, 625828, 368284, 483924, 363188, 421400, 258328, 410032, 228928, 281064, 228732, 206976, 136024, 181104, 92316, 106624, 70756, 67424, 30380, 32536, 13132, 5684, 2744, 0 ];2.0000;9.9689;69.537
199;[ 144, 146, 148, 150, 152, 154, 156, 158, 160, 162, 164, 166, 168, 170, 172, 174, 176, 178, 180, 182, 184, 186, 188, 190, 192, 194, 196, 198, 200, 202, 204, 206, 208, 210, 212, 214, 216, 218, 220, 222, 224, 226, 228, 230, 232, 234, 236, 238, 240, 242, 244, 246, 248, 250, 252, 254, 256 ];[ 132, 1782, 8910, 16038, 31284, 38214, 66330, 65340, 129690, 97416, 171270, 147510, 249084, 203940, 281820, 234432, 415404, 294624, 415008, 373032, 542124, 401940, 543312, 438174, 654192, 491502, 633600, 469656, 772068, 469656, 633600, 491502, 654192, 438174, 543312, 401940, 542124, 373032, 415008, 294624, 415404, 234432, 281820, 203940, 249084, 147510, 171270, 97416, 129690, 65340, 66330, 38214, 31284, 16038, 8910, 1782, 132 ];5.9999;29.908;208.62
211;[ 154, 156, 158, 160, 162, 164, 166, 168, 170, 172, 174, 176, 178, 180, 182, 184, 186, 188, 190, 192, 194, 196, 198, 200, 202, 204, 206, 208, 210, 212, 214, 216, 218, 220, 222, 224, 226, 228, 230, 232, 234, 236, 238, 240, 242, 244, 246, 248, 250, 252, 254, 256, 258, 260, 262, 264, 266, 268, 270 ];[ 0, 3360, 5250, 14280, 26040, 64260, 51030, 82320, 92470, 164640, 133980, 213360, 173040, 313040, 253470, 350805, 290220, 481950, 348180, 492240, 437220, 628180, 459270, 655410, 521430, 780990, 544110, 716520, 567210, 882070, 567210, 716520, 544110, 780990, 521430, 655410, 459270, 628180, 437220, 492240, 348180, 481950, 290220, 350805, 253470, 313040, 173040, 213360, 133980, 164640, 92470, 82320, 51030, 64260, 26040, 14280, 5250, 3360, 0 ];5.9999;29.913;208.70
223;[ 166, 168, 170, 172, 174, 176, 178, 180, 182, 184, 186, 188, 190, 192, 194, 196, 198, 200, 202, 204, 206, 208, 210, 212, 214, 216, 218, 220, 222, 224, 226, 228, 230, 232, 234, 236, 238, 240, 242, 244, 246, 248, 250, 252, 254, 256, 258, 260, 262, 264, 266, 268, 270, 272, 274, 276, 278, 280, 282 ];[ 1110, 5476, 17094, 38184, 36852, 71262, 63714, 117438, 128316, 228882, 170274, 249972, 212010, 374292, 305694, 417878, 338550, 583638, 410034, 585192, 501128, 726162, 526806, 769674, 601620, 892884, 636474, 807414, 658452, 1028156, 658452, 807414, 636474, 892884, 601620, 769674, 526806, 726162, 501128, 585192, 410034, 583638, 338550, 417878, 305694, 374292, 212010, 249972, 170274, 228882, 128316, 117438, 63714, 71262, 36852, 38184, 17094, 5476, 1110 ];5.9999;29.918;208.77
227;[ 168, 170, 172, 174, 176, 178, 180, 182, 184, 186, 188, 190, 192, 194, 196, 198, 200, 202, 204, 206, 208, 210, 212, 214, 216, 218, 220, 222, 224, 226, 228, 230, 232, 234, 236, 238, 240, 242, 244, 246, 248, 250, 252, 254, 256, 258, 260, 262, 264, 266, 268, 270, 272, 274, 276, 278, 280, 282, 284, 286, 288 ];[ 113, 1582, 11752, 16724, 40002, 36160, 94694, 82490, 115034, 150516, 216508, 169274, 314140, 216282, 392336, 345554, 396630, 353238, 674836, 404992, 597318, 555056, 750094, 547146, 828742, 616076, 873264, 748286, 840720, 617432, 1174974, 617432, 840720, 748286, 873264, 616076, 828742, 547146, 750094, 555056, 597318, 404992, 674836, 353238, 396630, 345554, 392336, 216282, 314140, 169274, 216508, 150516, 115034, 82490, 94694, 36160, 40002, 16724, 11752, 1582, 113 ];2.0000;9.9731;69.598
229;[ 170, 172, 174, 176, 178, 180, 182, 184, 186, 188, 190, 192, 194, 196, 198, 200, 202, 204, 206, 208, 210, 212, 214, 216, 218, 220, 222, 224, 226, 228, 230, 232, 234, 236, 238, 240, 242, 244, 246, 248, 250, 252, 254, 256, 258, 260, 262, 264, 266, 268, 270, 272, 274, 276, 278, 280, 282, 284, 286, 288, 290 ];[ 228, 3420, 10944, 16644, 41724, 47196, 98952, 80940, 138320, 143184, 207936, 181260, 321784, 254220, 385092, 329688, 471504, 375516, 578664, 435328, 686052, 527820, 774744, 587556, 839040, 633156, 878712, 704748, 956460, 669864, 1047736, 669864, 956460, 704748, 878712, 633156, 839040, 587556, 774744, 527820, 686052, 435328, 578664, 375516, 471504, 329688, 385092, 254220, 321784, 181260, 207936, 143184, 138320, 80940, 98952, 47196, 41724, 16644, 10944, 3420, 228 ];5.9999;29.920;208.81
233;[ 174, 176, 178, 180, 182, 184, 186, 188, 190, 192, 194, 196, 198, 200, 202, 204, 206, 208, 210, 212, 214, 216, 218, 220, 222, 224, 226, 228, 230, 232, 234, 236, 238, 240, 242, 244, 246, 248, 250, 252, 254, 256, 258, 260, 262, 264, 266, 268, 270, 272, 274, 276, 278, 280, 282, 284, 286, 288, 290, 292, 294 ];[ 1276, 3016, 14848, 24128, 42920, 50576, 118320, 84912, 146392, 165648, 223416, 189312, 344520, 244992, 415048, 387208, 490448, 357976, 657488, 448224, 679760, 614568, 757944, 567704, 994352, 652152, 874176, 765136, 926608, 701336, 1193640, 701336, 926608, 765136, 874176, 652152, 994352, 567704, 757944, 614568, 679760, 448224, 657488, 357976, 490448, 387208, 415048, 244992, 344520, 189312, 223416, 165648, 146392, 84912, 118320, 50576, 42920, 24128, 14848, 3016, 1276 ];2.0000;9.9738;69.608
239;[ 180, 182, 184, 186, 188, 190, 192, 194, 196, 198, 200, 202, 204, 206, 208, 210, 212, 214, 216, 218, 220, 222, 224, 226, 228, 230, 232, 234, 236, 238, 240, 242, 244, 246, 248, 250, 252, 254, 256, 258, 260, 262, 264, 266, 268, 270, 272, 274, 276, 278, 280, 282, 284, 286, 288, 290, 292, 294, 296, 298, 300 ];[ 3332, 6902, 17136, 33558, 51170, 59500, 134232, 98770, 167790, 174454, 270606, 203014, 376516, 270130, 447202, 407932, 490042, 423878, 791350, 475762, 677824, 644504, 855372, 622846, 949620, 672112, 1001028, 855848, 960806, 724710, 1340416, 724710, 960806, 855848, 1001028, 672112, 949620, 622846, 855372, 644504, 677824, 475762, 791350, 423878, 490042, 407932, 447202, 270130, 376516, 203014, 270606, 174454, 167790, 98770, 134232, 59500, 51170, 33558, 17136, 6902, 3332 ];2.0000;9.9745;69.620
241;[ 180, 182, 184, 186, 188, 190, 192, 194, 196, 198, 200, 202, 204, 206, 208, 210, 212, 214, 216, 218, 220, 222, 224, 226, 228, 230, 232, 234, 236, 238, 240, 242, 244, 246, 248, 250, 252, 254, 256, 258, 260, 262, 264, 266, 268, 270, 272, 274, 276, 278, 280, 282, 284, 286, 288, 290, 292, 294, 296, 298, 300, 302, 304 ];[ 0, 2640, 7440, 24480, 31920, 57480, 68640, 121280, 114000, 182400, 165840, 279360, 231120, 374880, 283440, 471600, 378480, 574720, 431040, 672240, 530640, 766560, 646800, 849120, 647600, 990000, 730320, 1023600, 767040, 1068480, 783360, 1210640, 783360, 1068480, 767040, 1023600, 730320, 990000, 647600, 849120, 646800, 766560, 530640, 672240, 431040, 574720, 378480, 471600, 283440, 374880, 231120, 279360, 165840, 182400, 114000, 121280, 68640, 57480, 31920, 24480, 7440, 2640, 0 ];5.9999;29.924;208.87
243;[ 182, 184, 186, 188, 190, 192, 194, 196, 198, 200, 202, 204, 206, 208, 210, 212, 214, 216, 218, 220, 222, 224, 226, 228, 230, 232, 234, 236, 238, 240, 242, 244, 246, 248, 250, 252, 254, 256, 258, 260, 262, 264, 266, 268, 270, 272, 274, 276, 278, 280, 282, 284, 286, 288, 290, 292, 294, 296, 298, 300, 302, 304, 306 ];[ 242, 3630, 8712, 27830, 45980, 42350, 41140, 203280, 77440, 140360, 267410, 248050, 177870, 511830, 234740, 384780, 594110, 410190, 346060, 1063590, 421080, 585640, 890560, 690910, 505780, 1401180, 578380, 857890, 1149500, 769923, 624844, 1852026, 624844, 769923, 1149500, 857890, 578380, 1401180, 505780, 690910, 890560, 585640, 421080, 1063590, 346060, 410190, 594110, 384780, 234740, 511830, 177870, 248050, 267410, 140360, 77440, 203280, 41140, 42350, 45980, 27830, 8712, 3630, 242 ];2.0000;9.9749;69.626
251;[ 190, 192, 194, 196, 198, 200, 202, 204, 206, 208, 210, 212, 214, 216, 218, 220, 222, 224, 226, 228, 230, 232, 234, 236, 238, 240, 242, 244, 246, 248, 250, 252, 254, 256, 258, 260, 262, 264, 266, 268, 270, 272, 274, 276, 278, 280, 282, 284, 286, 288, 290, 292, 294, 296, 298, 300, 302, 304, 306, 308, 310, 312, 314 ];[ 250, 9000, 16000, 33000, 49750, 73250, 77750, 175750, 124750, 200000, 227750, 345250, 245750, 439750, 302250, 550250, 488000, 577750, 484750, 881000, 553500, 768250, 754000, 961750, 698250, 1139875, 769750, 1161000, 932000, 1051750, 848500, 1494250, 848500, 1051750, 932000, 1161000, 769750, 1139875, 698250, 961750, 754000, 768250, 553500, 881000, 484750, 577750, 488000, 550250, 302250, 439750, 245750, 345250, 227750, 200000, 124750, 175750, 77750, 73250, 49750, 33000, 16000, 9000, 250 ];2.0000;9.9757;69.637
257;[ 194, 196, 198, 200, 202, 204, 206, 208, 210, 212, 214, 216, 218, 220, 222, 224, 226, 228, 230, 232, 234, 236, 238, 240, 242, 244, 246, 248, 250, 252, 254, 256, 258, 260, 262, 264, 266, 268, 270, 272, 274, 276, 278, 280, 282, 284, 286, 288, 290, 292, 294, 296, 298, 300, 302, 304, 306, 308, 310, 312, 314, 316, 318, 320, 322 ];[ 0, 1280, 13184, 20736, 41728, 59648, 89600, 89856, 191744, 145920, 241152, 249600, 339712, 258304, 516096, 372224, 544000, 523008, 632320, 505344, 900096, 583168, 940800, 773376, 989440, 766464, 1250048, 819712, 1123840, 1030144, 1204736, 857344, 1536768, 857344, 1204736, 1030144, 1123840, 819712, 1250048, 766464, 989440, 773376, 940800, 583168, 900096, 505344, 632320, 523008, 544000, 372224, 516096, 258304, 339712, 249600, 241152, 145920, 191744, 89856, 89600, 59648, 41728, 20736, 13184, 1280, 0 ];2.0000;9.9763;69.646
263;[ 200, 202, 204, 206, 208, 210, 212, 214, 216, 218, 220, 222, 224, 226, 228, 230, 232, 234, 236, 238, 240, 242, 244, 246, 248, 250, 252, 254, 256, 258, 260, 262, 264, 266, 268, 270, 272, 274, 276, 278, 280, 282, 284, 286, 288, 290, 292, 294, 296, 298, 300, 302, 304, 306, 308, 310, 312, 314, 316, 318, 320, 322, 324, 326, 328 ];[ 786, 4454, 16506, 23056, 61308, 64452, 96678, 112398, 239206, 144886, 229250, 271694, 426274, 308374, 505922, 373088, 625918, 575352, 673340, 530550, 996910, 636136, 912022, 855692, 1091492, 789668, 1297686, 863290, 1303974, 1060838, 1170878, 948440, 1686232, 948440, 1170878, 1060838, 1303974, 863290, 1297686, 789668, 1091492, 855692, 912022, 636136, 996910, 530550, 673340, 575352, 625918, 373088, 505922, 308374, 426274, 271694, 229250, 144886, 239206, 112398, 96678, 64452, 61308, 23056, 16506, 4454, 786 ];2.0000;9.9768;69.654
269;[ 206, 208, 210, 212, 214, 216, 218, 220, 222, 224, 226, 228, 230, 232, 234, 236, 238, 240, 242, 244, 246, 248, 250, 252, 254, 256, 258, 260, 262, 264, 266, 268, 270, 272, 274, 276, 278, 280, 282, 284, 286, 288, 290, 292, 294, 296, 298, 300, 302, 304, 306, 308, 310, 312, 314, 316, 318, 320, 322, 324, 326, 328, 330, 332, 334 ];[ 804, 7772, 28676, 27604, 66464, 77452, 114168, 120600, 243880, 190548, 307128, 292388, 400124, 311416, 598444, 408164, 632212, 596032, 763800, 589332, 1064764, 680452, 1011700, 899140, 1103892, 835624, 1394136, 929692, 1252900, 1160172, 1400032, 965872, 1691080, 965872, 1400032, 1160172, 1252900, 929692, 1394136, 835624, 1103892, 899140, 1011700, 680452, 1064764, 589332, 763800, 596032, 632212, 408164, 598444, 311416, 400124, 292388, 307128, 190548, 243880, 120600, 114168, 77452, 66464, 27604, 28676, 7772, 804 ];2.0000;9.9774;69.661
271;[ 208, 210, 212, 214, 216, 218, 220, 222, 224, 226, 228, 230, 232, 234, 236, 238, 240, 242, 244, 246, 248, 250, 252, 254, 256, 258, 260, 262, 264, 266, 268, 270, 272, 274, 276, 278, 280, 282, 284, 286, 288, 290, 292, 294, 296, 298, 300, 302, 304, 306, 308, 310, 312, 314, 316, 318, 320, 322, 324, 326, 328, 330, 332, 334, 336 ];[ 3780, 5670, 25920, 32940, 73620, 77220, 140400, 140130, 226530, 170640, 308340, 289980, 463050, 353700, 561330, 428220, 697950, 574110, 776610, 605340, 1006830, 764100, 995490, 870210, 1259010, 900720, 1247130, 966870, 1523340, 1043010, 1308960, 1051380, 1727280, 1051380, 1308960, 1043010, 1523340, 966870, 1247130, 900720, 1259010, 870210, 995490, 764100, 1006830, 605340, 776610, 574110, 697950, 428220, 561330, 353700, 463050, 289980, 308340, 170640, 226530, 140130, 140400, 77220, 73620, 32940, 25920, 5670, 3780 ];5.9999;29.933;208.99
277;[ 212, 214, 216, 218, 220, 222, 224, 226, 228, 230, 232, 234, 236, 238, 240, 242, 244, 246, 248, 250, 252, 254, 256, 258, 260, 262, 264, 266, 268, 270, 272, 274, 276, 278, 280, 282, 284, 286, 288, 290, 292, 294, 296, 298, 300, 302, 304, 306, 308, 310, 312, 314, 316, 318, 320, 322, 324, 326, 328, 330, 332, 334, 336, 338, 340, 342, 344 ];[ 276, 5796, 12420, 32016, 46920, 82248, 92736, 149500, 142140, 254196, 202860, 359904, 297252, 494592, 380880, 631856, 491832, 708492, 620448, 839868, 660284, 1039692, 737748, 1211916, 880716, 1256352, 958548, 1381932, 1076124, 1410636, 1143744, 1535664, 1091580, 1739720, 1091580, 1535664, 1143744, 1410636, 1076124, 1381932, 958548, 1256352, 880716, 1211916, 737748, 1039692, 660284, 839868, 620448, 708492, 491832, 631856, 380880, 494592, 297252, 359904, 202860, 254196, 142140, 149500, 92736, 82248, 46920, 32016, 12420, 5796, 276 ];5.9999;29.934;209.02
281;[ 216, 218, 220, 222, 224, 226, 228, 230, 232, 234, 236, 238, 240, 242, 244, 246, 248, 250, 252, 254, 256, 258, 260, 262, 264, 266, 268, 270, 272, 274, 276, 278, 280, 282, 284, 286, 288, 290, 292, 294, 296, 298, 300, 302, 304, 306, 308, 310, 312, 314, 316, 318, 320, 322, 324, 326, 328, 330, 332, 334, 336, 338, 340, 342, 344, 346, 348 ];[ 1400, 3080, 16520, 51240, 38640, 89320, 101080, 166040, 156520, 300720, 210280, 350840, 367640, 474600, 391160, 681380, 466200, 741440, 699160, 879200, 658280, 1155560, 779520, 1128960, 1014440, 1267840, 925960, 1652000, 1037120, 1417920, 1242920, 1500240, 1118320, 1890280, 1118320, 1500240, 1242920, 1417920, 1037120, 1652000, 925960, 1267840, 1014440, 1128960, 779520, 1155560, 658280, 879200, 699160, 741440, 466200, 681380, 391160, 474600, 367640, 350840, 210280, 300720, 156520, 166040, 101080, 89320, 38640, 51240, 16520, 3080, 1400 ];2.0000;9.9784;69.677
283;[ 218, 220, 222, 224, 226, 228, 230, 232, 234, 236, 238, 240, 242, 244, 246, 248, 250, 252, 254, 256, 258, 260, 262, 264, 266, 268, 270, 272, 274, 276, 278, 280, 282, 284, 286, 288, 290, 292, 294, 296, 298, 300, 302, 304, 306, 308, 310, 312, 314, 316, 318, 320, 322, 324, 326, 328, 330, 332, 334, 336, 338, 340, 342, 344, 346, 348, 350 ];[ 282, 9494, 17766, 46530, 43146, 104340, 98982, 174558, 156792, 295536, 235188, 370125, 358704, 515214, 423564, 620964, 498012, 822688, 653394, 894786, 692874, 1185528, 807084, 1170018, 976096, 1384902, 967542, 1374750, 1151124, 1689180, 1148868, 1446942, 1194270, 1952662, 1194270, 1446942, 1148868, 1689180, 1151124, 1374750, 967542, 1384902, 976096, 1170018, 807084, 1185528, 692874, 894786, 653394, 822688, 498012, 620964, 423564, 515214, 358704, 370125, 235188, 295536, 156792, 174558, 98982, 104340, 43146, 46530, 17766, 9494, 282 ];5.9999;29.936;209.04
289;[ 222, 224, 226, 228, 230, 232, 234, 236, 238, 240, 242, 244, 246, 248, 250, 252, 254, 256, 258, 260, 262, 264, 266, 268, 270, 272, 274, 276, 278, 280, 282, 284, 286, 288, 290, 292, 294, 296, 298, 300, 302, 304, 306, 308, 310, 312, 314, 316, 318, 320, 322, 324, 326, 328, 330, 332, 334, 336, 338, 340, 342, 344, 346, 348, 350, 352, 354, 356, 358 ];[ 1344, 288, 15552, 20736, 55008, 57024, 119232, 120672, 195840, 186336, 287712, 255168, 424512, 352224, 588960, 443520, 739296, 567168, 802080, 684288, 977760, 764928, 1162944, 872352, 1284480, 996192, 1433952, 1087488, 1593792, 1118880, 1584864, 1279296, 1696464, 1229760, 1941984, 1229760, 1696464, 1279296, 1584864, 1118880, 1593792, 1087488, 1433952, 996192, 1284480, 872352, 1162944, 764928, 977760, 684288, 802080, 567168, 739296, 443520, 588960, 352224, 424512, 255168, 287712, 186336, 195840, 120672, 119232, 57024, 55008, 20736, 15552, 288, 1344 ];5.9999;29.937;209.05
293;[ 226, 228, 230, 232, 234, 236, 238, 240, 242, 244, 246, 248, 250, 252, 254, 256, 258, 260, 262, 264, 266, 268, 270, 272, 274, 276, 278, 280, 282, 284, 286, 288, 290, 292, 294, 296, 298, 300, 302, 304, 306, 308, 310, 312, 314, 316, 318, 320, 322, 324, 326, 328, 330, 332, 334, 336, 338, 340, 342, 344, 346, 348, 350, 352, 354, 356, 358, 360, 362 ];[ 292, 4672, 16936, 23068, 65408, 58400, 126436, 146292, 216956, 176076, 349524, 258420, 407924, 438292, 579036, 451724, 784312, 525016, 850596, 823440, 991924, 739928, 1283924, 851472, 1314584, 1149604, 1367728, 1043900, 1848944, 1179680, 1606876, 1337068, 1628192, 1252096, 2167808, 1252096, 1628192, 1337068, 1606876, 1179680, 1848944, 1043900, 1367728, 1149604, 1314584, 851472, 1283924, 739928, 991924, 823440, 850596, 525016, 784312, 451724, 579036, 438292, 407924, 258420, 349524, 176076, 216956, 146292, 126436, 58400, 65408, 23068, 16936, 4672, 292 ];2.0000;9.9792;69.690
307;[ 238, 240, 242, 244, 246, 248, 250, 252, 254, 256, 258, 260, 262, 264, 266, 268, 270, 272, 274, 276, 278, 280, 282, 284, 286, 288, 290, 292, 294, 296, 298, 300, 302, 304, 306, 308, 310, 312, 314, 316, 318, 320, 322, 324, 326, 328, 330, 332, 334, 336, 338, 340, 342, 344, 346, 348, 350, 352, 354, 356, 358, 360, 362, 364, 366, 368, 370, 372, 374, 376, 378 ];[ 0, 3213, 15300, 27846, 45594, 96696, 87516, 184212, 167790, 246636, 244800, 452268, 334458, 507042, 441864, 759186, 530910, 813042, 677790, 1080078, 872100, 1093644, 899946, 1496034, 977670, 1429326, 1186668, 1804890, 1309374, 1693098, 1380978, 1958400, 1444014, 1890774, 1415556, 2355690, 1415556, 1890774, 1444014, 1958400, 1380978, 1693098, 1309374, 1804890, 1186668, 1429326, 977670, 1496034, 899946, 1093644, 872100, 1080078, 677790, 813042, 530910, 759186, 441864, 507042, 334458, 452268, 244800, 246636, 167790, 184212, 87516, 96696, 45594, 27846, 15300, 3213, 0 ];5.9999;29.941;209.11
311;[ 242, 244, 246, 248, 250, 252, 254, 256, 258, 260, 262, 264, 266, 268, 270, 272, 274, 276, 278, 280, 282, 284, 286, 288, 290, 292, 294, 296, 298, 300, 302, 304, 306, 308, 310, 312, 314, 316, 318, 320, 322, 324, 326, 328, 330, 332, 334, 336, 338, 340, 342, 344, 346, 348, 350, 352, 354, 356, 358, 360, 362, 364, 366, 368, 370, 372, 374, 376, 378, 380, 382 ];[ 310, 4650, 14570, 44020, 48980, 96720, 101370, 201810, 180420, 258540, 242110, 538160, 339140, 490110, 536300, 709280, 558310, 925970, 657820, 1069810, 952940, 1151030, 863040, 1680510, 1018660, 1434990, 1358730, 1697870, 1216750, 1949900, 1371440, 2032050, 1621300, 1800480, 1426930, 2584780, 1426930, 1800480, 1621300, 2032050, 1371440, 1949900, 1216750, 1697870, 1358730, 1434990, 1018660, 1680510, 863040, 1151030, 952940, 1069810, 657820, 925970, 558310, 709280, 536300, 490110, 339140, 538160, 242110, 258540, 180420, 201810, 101370, 96720, 48980, 44020, 14570, 4650, 310 ];2.0000;9.9805;69.709
313;[ 244, 246, 248, 250, 252, 254, 256, 258, 260, 262, 264, 266, 268, 270, 272, 274, 276, 278, 280, 282, 284, 286, 288, 290, 292, 294, 296, 298, 300, 302, 304, 306, 308, 310, 312, 314, 316, 318, 320, 322, 324, 326, 328, 330, 332, 334, 336, 338, 340, 342, 344, 346, 348, 350, 352, 354, 356, 358, 360, 362, 364, 366, 368, 370, 372, 374, 376, 378, 380, 382, 384 ];[ 624, 9048, 15288, 33072, 53664, 117936, 109512, 201864, 184704, 293592, 262392, 475904, 348816, 541216, 503256, 754416, 599040, 974688, 699192, 1075776, 896688, 1258608, 918216, 1367808, 1094912, 1718340, 1310712, 1784952, 1277952, 1931904, 1426776, 1967472, 1482936, 2017704, 1567488, 2385032, 1567488, 2017704, 1482936, 1967472, 1426776, 1931904, 1277952, 1784952, 1310712, 1718340, 1094912, 1367808, 918216, 1258608, 896688, 1075776, 699192, 974688, 599040, 754416, 503256, 541216, 348816, 475904, 262392, 293592, 184704, 201864, 109512, 117936, 53664, 33072, 15288, 9048, 624 ];5.9999;29.942;209.13
317;[ 248, 250, 252, 254, 256, 258, 260, 262, 264, 266, 268, 270, 272, 274, 276, 278, 280, 282, 284, 286, 288, 290, 292, 294, 296, 298, 300, 302, 304, 306, 308, 310, 312, 314, 316, 318, 320, 322, 324, 326, 328, 330, 332, 334, 336, 338, 340, 342, 344, 346, 348, 350, 352, 354, 356, 358, 360, 362, 364, 366, 368, 370, 372, 374, 376, 378, 380, 382, 384, 386, 388 ];[ 316, 9164, 21488, 56880, 52772, 132088, 103648, 187704, 206664, 326112, 289772, 521084, 365612, 569432, 559952, 729328, 581756, 1098100, 708472, 1058600, 1039956, 1212808, 959060, 1647940, 1032688, 1649204, 1362908, 1781292, 1317720, 2151644, 1419472, 1910536, 1767704, 2066324, 1457708, 2597520, 1457708, 2066324, 1767704, 1910536, 1419472, 2151644, 1317720, 1781292, 1362908, 1649204, 1032688, 1647940, 959060, 1212808, 1039956, 1058600, 708472, 1098100, 581756, 729328, 559952, 569432, 365612, 521084, 289772, 326112, 206664, 187704, 103648, 132088, 52772, 56880, 21488, 9164, 316 ];2.0000;9.9808;69.714
331;[ 260, 262, 264, 266, 268, 270, 272, 274, 276, 278, 280, 282, 284, 286, 288, 290, 292, 294, 296, 298, 300, 302, 304, 306, 308, 310, 312, 314, 316, 318, 320, 322, 324, 326, 328, 330, 332, 334, 336, 338, 340, 342, 344, 346, 348, 350, 352, 354, 356, 358, 360, 362, 364, 366, 368, 370, 372, 374, 376, 378, 380, 382, 384, 386, 388, 390, 392, 394, 396, 398, 400, 402, 404 ];[ 990, 6600, 19800, 36960, 77440, 83160, 171270, 150480, 282810, 244530, 386595, 353760, 607860, 432960, 654060, 623040, 982410, 744150, 1057980, 826650, 1367960, 1019810, 1402500, 1124640, 1846020, 1262250, 1757580, 1514700, 2154570, 1518660, 2129490, 1641090, 2462460, 1715670, 2184930, 1783650, 2833490, 1783650, 2184930, 1715670, 2462460, 1641090, 2129490, 1518660, 2154570, 1514700, 1757580, 1262250, 1846020, 1124640, 1402500, 1019810, 1367960, 826650, 1057980, 744150, 982410, 623040, 654060, 432960, 607860, 353760, 386595, 244530, 282810, 150480, 171270, 83160, 77440, 36960, 19800, 6600, 990 ];5.9999;29.945;209.18
337;[ 266, 268, 270, 272, 274, 276, 278, 280, 282, 284, 286, 288, 290, 292, 294, 296, 298, 300, 302, 304, 306, 308, 310, 312, 314, 316, 318, 320, 322, 324, 326, 328, 330, 332, 334, 336, 338, 340, 342, 344, 346, 348, 350, 352, 354, 356, 358, 360, 362, 364, 366, 368, 370, 372, 374, 376, 378, 380, 382, 384, 386, 388, 390, 392, 394, 396, 398, 400, 402, 404, 406, 408, 410 ];[ 1008, 7056, 34832, 45696, 100128, 94416, 169680, 169680, 298032, 296016, 439152, 368592, 621936, 493920, 769440, 649824, 963984, 717024, 1251264, 884128, 1349712, 1117872, 1558872, 1217664, 1776544, 1321824, 2026752, 1512672, 2181312, 1612128, 2308656, 1787184, 2316720, 1881600, 2516640, 1741152, 2886352, 1741152, 2516640, 1881600, 2316720, 1787184, 2308656, 1612128, 2181312, 1512672, 2026752, 1321824, 1776544, 1217664, 1558872, 1117872, 1349712, 884128, 1251264, 717024, 963984, 649824, 769440, 493920, 621936, 368592, 439152, 296016, 298032, 169680, 169680, 94416, 100128, 45696, 34832, 7056, 1008 ];5.9999;29.946;209.19
343;[ 270, 272, 274, 276, 278, 280, 282, 284, 286, 288, 290, 292, 294, 296, 298, 300, 302, 304, 306, 308, 310, 312, 314, 316, 318, 320, 322, 324, 326, 328, 330, 332, 334, 336, 338, 340, 342, 344, 346, 348, 350, 352, 354, 356, 358, 360, 362, 364, 366, 368, 370, 372, 374, 376, 378, 380, 382, 384, 386, 388, 390, 392, 394, 396, 398, 400, 402, 404, 406, 408, 410, 412, 414, 416, 418 ];[ 0, 3420, 17442, 47196, 52326, 99522, 97470, 180576, 209304, 403902, 295944, 419634, 387828, 730512, 487350, 714096, 771552, 1162686, 800280, 1127574, 898092, 1494882, 1182978, 1795500, 1209654, 1956582, 1377918, 1959090, 1574910, 2170674, 1904598, 2269512, 1806786, 2669652, 1862190, 2374164, 1847826, 3510744, 1847826, 2374164, 1862190, 2669652, 1806786, 2269512, 1904598, 2170674, 1574910, 1959090, 1377918, 1956582, 1209654, 1795500, 1182978, 1494882, 898092, 1127574, 800280, 1162686, 771552, 714096, 487350, 730512, 387828, 419634, 295944, 403902, 209304, 180576, 97470, 99522, 52326, 47196, 17442, 3420, 0 ];5.9999;29.947;209.21
347;[ 274, 276, 278, 280, 282, 284, 286, 288, 290, 292, 294, 296, 298, 300, 302, 304, 306, 308, 310, 312, 314, 316, 318, 320, 322, 324, 326, 328, 330, 332, 334, 336, 338, 340, 342, 344, 346, 348, 350, 352, 354, 356, 358, 360, 362, 364, 366, 368, 370, 372, 374, 376, 378, 380, 382, 384, 386, 388, 390, 392, 394, 396, 398, 400, 402, 404, 406, 408, 410, 412, 414, 416, 418, 420, 422 ];[ 346, 12456, 12802, 36330, 66086, 118332, 110028, 260884, 187532, 358110, 344616, 431808, 429386, 760162, 517962, 791302, 769504, 1144568, 787496, 1370160, 946310, 1443858, 1365662, 1482956, 1240064, 2338268, 1349400, 1941060, 1750414, 2384978, 1660800, 2532201, 1782592, 2601920, 2205058, 2425460, 1852830, 3456194, 1852830, 2425460, 2205058, 2601920, 1782592, 2532201, 1660800, 2384978, 1750414, 1941060, 1349400, 2338268, 1240064, 1482956, 1365662, 1443858, 946310, 1370160, 787496, 1144568, 769504, 791302, 517962, 760162, 429386, 431808, 344616, 358110, 187532, 260884, 110028, 118332, 66086, 36330, 12802, 12456, 346 ];2.0000;9.9825;69.738
349;[ 276, 278, 280, 282, 284, 286, 288, 290, 292, 294, 296, 298, 300, 302, 304, 306, 308, 310, 312, 314, 316, 318, 320, 322, 324, 326, 328, 330, 332, 334, 336, 338, 340, 342, 344, 346, 348, 350, 352, 354, 356, 358, 360, 362, 364, 366, 368, 370, 372, 374, 376, 378, 380, 382, 384, 386, 388, 390, 392, 394, 396, 398, 400, 402, 404, 406, 408, 410, 412, 414, 416, 418, 420, 422, 424 ];[ 696, 8700, 23316, 49068, 52200, 131544, 120408, 248240, 201492, 368532, 334776, 497292, 439176, 676860, 574896, 910368, 751680, 1088544, 855384, 1351284, 1023120, 1492920, 1229136, 1754500, 1343628, 2003784, 1406964, 2133936, 1655088, 2414076, 1751252, 2613828, 1909476, 2550492, 2034408, 2756856, 1974204, 3067040, 1974204, 2756856, 2034408, 2550492, 1909476, 2613828, 1751252, 2414076, 1655088, 2133936, 1406964, 2003784, 1343628, 1754500, 1229136, 1492920, 1023120, 1351284, 855384, 1088544, 751680, 910368, 574896, 676860, 439176, 497292, 334776, 368532, 201492, 248240, 120408, 131544, 52200, 49068, 23316, 8700, 696 ];5.9999;29.948;209.22
353;[ 280, 282, 284, 286, 288, 290, 292, 294, 296, 298, 300, 302, 304, 306, 308, 310, 312, 314, 316, 318, 320, 322, 324, 326, 328, 330, 332, 334, 336, 338, 340, 342, 344, 346, 348, 350, 352, 354, 356, 358, 360, 362, 364, 366, 368, 370, 372, 374, 376, 378, 380, 382, 384, 386, 388, 390, 392, 394, 396, 398, 400, 402, 404, 406, 408, 410, 412, 414, 416, 418, 420, 422, 424, 426, 428 ];[ 352, 13728, 22880, 48928, 70752, 145728, 128128, 291632, 216832, 322784, 373472, 533280, 455136, 844096, 531872, 864864, 872608, 1066560, 843392, 1446368, 976800, 1605824, 1394624, 1726208, 1243968, 2224288, 1469952, 2191200, 1915584, 2235904, 1696640, 2928992, 1932128, 2560800, 2221472, 2663584, 1930016, 3454176, 1930016, 2663584, 2221472, 2560800, 1932128, 2928992, 1696640, 2235904, 1915584, 2191200, 1469952, 2224288, 1243968, 1726208, 1394624, 1605824, 976800, 1446368, 843392, 1066560, 872608, 864864, 531872, 844096, 455136, 533280, 373472, 322784, 216832, 291632, 128128, 145728, 70752, 48928, 22880, 13728, 352 ];2.0000;9.9828;69.743
359;[ 286, 288, 290, 292, 294, 296, 298, 300, 302, 304, 306, 308, 310, 312, 314, 316, 318, 320, 322, 324, 326, 328, 330, 332, 334, 336, 338, 340, 342, 344, 346, 348, 350, 352, 354, 356, 358, 360, 362, 364, 366, 368, 370, 372, 374, 376, 378, 380, 382, 384, 386, 388, 390, 392, 394, 396, 398, 400, 402, 404, 406, 408, 410, 412, 414, 416, 418, 420, 422, 424, 426, 428, 430, 432, 434 ];[ 358, 18974, 26850, 69452, 107400, 137472, 136756, 300362, 214800, 448574, 408478, 513014, 485090, 916838, 614328, 890346, 851682, 1249062, 871014, 1470664, 1084382, 1647158, 1460640, 1692624, 1358968, 2594068, 1501810, 2086066, 1952890, 2586192, 1805752, 2825694, 1951100, 2818892, 2403970, 2637028, 2009812, 3725348, 2009812, 2637028, 2403970, 2818892, 1951100, 2825694, 1805752, 2586192, 1952890, 2086066, 1501810, 2594068, 1358968, 1692624, 1460640, 1647158, 1084382, 1470664, 871014, 1249062, 851682, 890346, 614328, 916838, 485090, 513014, 408478, 448574, 214800, 300362, 136756, 137472, 107400, 69452, 26850, 18974, 358 ];2.0000;9.9832;69.747
361;[ 286, 288, 290, 292, 294, 296, 298, 300, 302, 304, 306, 308, 310, 312, 314, 316, 318, 320, 322, 324, 326, 328, 330, 332, 334, 336, 338, 340, 342, 344, 346, 348, 350, 352, 354, 356, 358, 360, 362, 364, 366, 368, 370, 372, 374, 376, 378, 380, 382, 384, 386, 388, 390, 392, 394, 396, 398, 400, 402, 404, 406, 408, 410, 412, 414, 416, 418, 420, 422, 424, 426, 428, 430, 432, 434, 436, 438 ];[ 2160, 2520, 20880, 26640, 72900, 83880, 166320, 164160, 306000, 255960, 419040, 361440, 593160, 516600, 821280, 661680, 974880, 829440, 1237320, 978480, 1526400, 1090080, 1737360, 1359000, 1903680, 1393320, 2136600, 1707840, 2337120, 1946520, 2460240, 1936800, 2827080, 2042640, 2915640, 2108880, 3024720, 2103840, 3466920, 2103840, 3024720, 2108880, 2915640, 2042640, 2827080, 1936800, 2460240, 1946520, 2337120, 1707840, 2136600, 1393320, 1903680, 1359000, 1737360, 1090080, 1526400, 978480, 1237320, 829440, 974880, 661680, 821280, 516600, 593160, 361440, 419040, 255960, 306000, 164160, 166320, 83880, 72900, 26640, 20880, 2520, 2160 ];5.9999;29.950;209.25
367;[ 292, 294, 296, 298, 300, 302, 304, 306, 308, 310, 312, 314, 316, 318, 320, 322, 324, 326, 328, 330, 332, 334, 336, 338, 340, 342, 344, 346, 348, 350, 352, 354, 356, 358, 360, 362, 364, 366, 368, 370, 372, 374, 376, 378, 380, 382, 384, 386, 388, 390, 392, 394, 396, 398, 400, 402, 404, 406, 408, 410, 412, 414, 416, 418, 420, 422, 424, 426, 428, 430, 432, 434, 436, 438, 440, 442, 444 ];[ 1098, 8784, 23790, 39894, 74664, 92354, 210816, 165798, 348798, 260958, 491904, 437004, 588528, 552660, 854244, 682956, 995886, 889380, 1443138, 1015284, 1529514, 1174860, 1836954, 1403610, 1816824, 1511946, 2533818, 1651026, 2412306, 1931748, 2854068, 2045940, 2661918, 2199660, 3146014, 2282376, 2910188, 2216130, 3730760, 2216130, 2910188, 2282376, 3146014, 2199660, 2661918, 2045940, 2854068, 1931748, 2412306, 1651026, 2533818, 1511946, 1816824, 1403610, 1836954, 1174860, 1529514, 1015284, 1443138, 889380, 995886, 682956, 854244, 552660, 588528, 437004, 491904, 260958, 348798, 165798, 210816, 92354, 74664, 39894, 23790, 8784, 1098 ];5.9999;29.950;209.26
373;[ 298, 300, 302, 304, 306, 308, 310, 312, 314, 316, 318, 320, 322, 324, 326, 328, 330, 332, 334, 336, 338, 340, 342, 344, 346, 348, 350, 352, 354, 356, 358, 360, 362, 364, 366, 368, 370, 372, 374, 376, 378, 380, 382, 384, 386, 388, 390, 392, 394, 396, 398, 400, 402, 404, 406, 408, 410, 412, 414, 416, 418, 420, 422, 424, 426, 428, 430, 432, 434, 436, 438, 440, 442, 444, 446, 448, 450 ];[ 2852, 8556, 34968, 47988, 109368, 118668, 178932, 193068, 383532, 325872, 498852, 429660, 662532, 576600, 993984, 716472, 1112652, 917724, 1364496, 1085248, 1696692, 1174776, 1881576, 1572072, 2135280, 1567236, 2290404, 1790808, 2645664, 2071296, 2759124, 2028888, 3093304, 2329464, 3123312, 2279244, 3197340, 2354388, 3729424, 2354388, 3197340, 2279244, 3123312, 2329464, 3093304, 2028888, 2759124, 2071296, 2645664, 1790808, 2290404, 1567236, 2135280, 1572072, 1881576, 1174776, 1696692, 1085248, 1364496, 917724, 1112652, 716472, 993984, 576600, 662532, 429660, 498852, 325872, 383532, 193068, 178932, 118668, 109368, 47988, 34968, 8556, 2852 ];5.9999;29.951;209.27
379;[ 304, 306, 308, 310, 312, 314, 316, 318, 320, 322, 324, 326, 328, 330, 332, 334, 336, 338, 340, 342, 344, 346, 348, 350, 352, 354, 356, 358, 360, 362, 364, 366, 368, 370, 372, 374, 376, 378, 380, 382, 384, 386, 388, 390, 392, 394, 396, 398, 400, 402, 404, 406, 408, 410, 412, 414, 416, 418, 420, 422, 424, 426, 428, 430, 432, 434, 436, 438, 440, 442, 444, 446, 448, 450, 452, 454, 456 ];[ 2835, 11718, 55944, 57456, 109998, 132426, 256662, 210546, 325836, 333774, 598752, 500850, 679644, 646758, 1070118, 760158, 1109430, 930258, 1616328, 1070496, 1698732, 1286334, 2060478, 1573236, 2021166, 1734642, 2719332, 1834056, 2496690, 2108106, 3082086, 2227932, 2965032, 2373840, 3405150, 2494800, 3238326, 2359854, 3987270, 2359854, 3238326, 2494800, 3405150, 2373840, 2965032, 2227932, 3082086, 2108106, 2496690, 1834056, 2719332, 1734642, 2021166, 1573236, 2060478, 1286334, 1698732, 1070496, 1616328, 930258, 1109430, 760158, 1070118, 646758, 679644, 500850, 598752, 333774, 325836, 210546, 256662, 132426, 109998, 57456, 55944, 11718, 2835 ];5.9999;29.952;209.28
383;[ 306, 308, 310, 312, 314, 316, 318, 320, 322, 324, 326, 328, 330, 332, 334, 336, 338, 340, 342, 344, 346, 348, 350, 352, 354, 356, 358, 360, 362, 364, 366, 368, 370, 372, 374, 376, 378, 380, 382, 384, 386, 388, 390, 392, 394, 396, 398, 400, 402, 404, 406, 408, 410, 412, 414, 416, 418, 420, 422, 424, 426, 428, 430, 432, 434, 436, 438, 440, 442, 444, 446, 448, 450, 452, 454, 456, 458, 460, 462 ];[ 382, 2292, 17572, 60356, 78692, 132554, 142486, 210100, 215830, 441210, 335396, 588662, 529070, 712812, 623806, 1241500, 722744, 1082206, 1158224, 1572312, 1068454, 1832072, 1272824, 2011612, 1815264, 2082282, 1605928, 2920008, 1879822, 2555580, 2312628, 2971196, 2145312, 3380318, 2255328, 3537702, 2794330, 2942546, 2398196, 4479332, 2398196, 2942546, 2794330, 3537702, 2255328, 3380318, 2145312, 2971196, 2312628, 2555580, 1879822, 2920008, 1605928, 2082282, 1815264, 2011612, 1272824, 1832072, 1068454, 1572312, 1158224, 1082206, 722744, 1241500, 623806, 712812, 529070, 588662, 335396, 441210, 215830, 210100, 142486, 132554, 78692, 60356, 17572, 2292, 382 ];2.0000;9.9841;69.764
389;[ 312, 314, 316, 318, 320, 322, 324, 326, 328, 330, 332, 334, 336, 338, 340, 342, 344, 346, 348, 350, 352, 354, 356, 358, 360, 362, 364, 366, 368, 370, 372, 374, 376, 378, 380, 382, 384, 386, 388, 390, 392, 394, 396, 398, 400, 402, 404, 406, 408, 410, 412, 414, 416, 418, 420, 422, 424, 426, 428, 430, 432, 434, 436, 438, 440, 442, 444, 446, 448, 450, 452, 454, 456, 458, 460, 462, 464, 466, 468 ];[ 1940, 10088, 21340, 65960, 67512, 145500, 187792, 267720, 227756, 506728, 333292, 623904, 601012, 787252, 642528, 1147316, 848168, 1247808, 1178744, 1514364, 1148092, 2095588, 1373520, 2002856, 1848432, 2227508, 1698276, 3007388, 1872876, 2828908, 2429268, 3005448, 2251176, 3737216, 2392796, 3238248, 2899524, 3453588, 2464576, 4319992, 2464576, 3453588, 2899524, 3238248, 2392796, 3737216, 2251176, 3005448, 2429268, 2828908, 1872876, 3007388, 1698276, 2227508, 1848432, 2002856, 1373520, 2095588, 1148092, 1514364, 1178744, 1247808, 848168, 1147316, 642528, 787252, 601012, 623904, 333292, 506728, 227756, 267720, 187792, 145500, 67512, 65960, 21340, 10088, 1940 ];2.0000;9.9844;69.768
397;[ 320, 322, 324, 326, 328, 330, 332, 334, 336, 338, 340, 342, 344, 346, 348, 350, 352, 354, 356, 358, 360, 362, 364, 366, 368, 370, 372, 374, 376, 378, 380, 382, 384, 386, 388, 390, 392, 394, 396, 398, 400, 402, 404, 406, 408, 410, 412, 414, 416, 418, 420, 422, 424, 426, 428, 430, 432, 434, 436, 438, 440, 442, 444, 446, 448, 450, 452, 454, 456, 458, 460, 462, 464, 466, 468, 470, 472, 474, 476 ];[ 396, 20592, 29700, 93060, 86328, 174504, 193644, 310464, 281952, 481932, 422928, 706860, 608652, 939708, 761508, 1164240, 881100, 1334124, 1189188, 1687356, 1255716, 2141700, 1505724, 2261952, 1852488, 2461932, 1889316, 2800512, 2093256, 3217500, 2289276, 3414708, 2518560, 3525192, 2668644, 3481632, 2854764, 3812292, 2648448, 4389000, 2648448, 3812292, 2854764, 3481632, 2668644, 3525192, 2518560, 3414708, 2289276, 3217500, 2093256, 2800512, 1889316, 2461932, 1852488, 2261952, 1505724, 2141700, 1255716, 1687356, 1189188, 1334124, 881100, 1164240, 761508, 939708, 608652, 706860, 422928, 481932, 281952, 310464, 193644, 174504, 86328, 93060, 29700, 20592, 396 ];5.9999;29.954;209.31
401;[ 322, 324, 326, 328, 330, 332, 334, 336, 338, 340, 342, 344, 346, 348, 350, 352, 354, 356, 358, 360, 362, 364, 366, 368, 370, 372, 374, 376, 378, 380, 382, 384, 386, 388, 390, 392, 394, 396, 398, 400, 402, 404, 406, 408, 410, 412, 414, 416, 418, 420, 422, 424, 426, 428, 430, 432, 434, 436, 438, 440, 442, 444, 446, 448, 450, 452, 454, 456, 458, 460, 462, 464, 466, 468, 470, 472, 474, 476, 478, 480, 482 ];[ 0, 6400, 20400, 40000, 88000, 86000, 208000, 213600, 332000, 303600, 578400, 402800, 642800, 671600, 912800, 750000, 1420400, 882000, 1338000, 1329200, 1676000, 1304800, 2243200, 1454000, 2182400, 2051600, 2518000, 1871600, 3161200, 2113200, 3085600, 2662400, 3198000, 2352400, 4135400, 2554000, 3595200, 3060400, 3659200, 2717200, 4677200, 2717200, 3659200, 3060400, 3595200, 2554000, 4135400, 2352400, 3198000, 2662400, 3085600, 2113200, 3161200, 1871600, 2518000, 2051600, 2182400, 1454000, 2243200, 1304800, 1676000, 1329200, 1338000, 882000, 1420400, 750000, 912800, 671600, 642800, 402800, 578400, 303600, 332000, 213600, 208000, 86000, 88000, 40000, 20400, 6400, 0 ];2.0000;9.9849;69.774
409;[ 330, 332, 334, 336, 338, 340, 342, 344, 346, 348, 350, 352, 354, 356, 358, 360, 362, 364, 366, 368, 370, 372, 374, 376, 378, 380, 382, 384, 386, 388, 390, 392, 394, 396, 398, 400, 402, 404, 406, 408, 410, 412, 414, 416, 418, 420, 422, 424, 426, 428, 430, 432, 434, 436, 438, 440, 442, 444, 446, 448, 450, 452, 454, 456, 458, 460, 462, 464, 466, 468, 470, 472, 474, 476, 478, 480, 482, 484, 486, 488, 490 ];[ 2040, 10200, 31688, 46104, 110976, 132600, 212160, 237456, 381888, 344352, 599352, 467568, 793152, 675648, 999600, 831504, 1334160, 1037544, 1606908, 1290096, 1830288, 1380400, 2299896, 1620576, 2428824, 1965744, 2748696, 2122416, 3169888, 2240328, 3374160, 2579784, 3566736, 2723400, 3788280, 2854368, 3842136, 3008592, 4166088, 2896800, 4663576, 2896800, 4166088, 3008592, 3842136, 2854368, 3788280, 2723400, 3566736, 2579784, 3374160, 2240328, 3169888, 2122416, 2748696, 1965744, 2428824, 1620576, 2299896, 1380400, 1830288, 1290096, 1606908, 1037544, 1334160, 831504, 999600, 675648, 793152, 467568, 599352, 344352, 381888, 237456, 212160, 132600, 110976, 46104, 31688, 10200, 2040 ];5.9999;29.956;209.33
419;[ 340, 342, 344, 346, 348, 350, 352, 354, 356, 358, 360, 362, 364, 366, 368, 370, 372, 374, 376, 378, 380, 382, 384, 386, 388, 390, 392, 394, 396, 398, 400, 402, 404, 406, 408, 410, 412, 414, 416, 418, 420, 422, 424, 426, 428, 430, 432, 434, 436, 438, 440, 442, 444, 446, 448, 450, 452, 454, 456, 458, 460, 462, 464, 466, 468, 470, 472, 474, 476, 478, 480, 482, 484, 486, 488, 490, 492, 494, 496, 498, 500 ];[ 4180, 14212, 56430, 58520, 178068, 149644, 212344, 292600, 452694, 342342, 693462, 502436, 930886, 833074, 988152, 904970, 1655698, 1057958, 1524864, 1480138, 2112154, 1472196, 2450107, 1673254, 2633400, 2389288, 2589092, 2169002, 3929618, 2203278, 3152556, 2928926, 3936306, 2765070, 4272378, 2872078, 4214694, 3519978, 3909554, 2976996, 5414354, 2976996, 3909554, 3519978, 4214694, 2872078, 4272378, 2765070, 3936306, 2928926, 3152556, 2203278, 3929618, 2169002, 2589092, 2389288, 2633400, 1673254, 2450107, 1472196, 2112154, 1480138, 1524864, 1057958, 1655698, 904970, 988152, 833074, 930886, 502436, 693462, 342342, 452694, 292600, 212344, 149644, 178068, 58520, 56430, 14212, 4180 ];2.0000;9.9856;69.783
421;[ 340, 342, 344, 346, 348, 350, 352, 354, 356, 358, 360, 362, 364, 366, 368, 370, 372, 374, 376, 378, 380, 382, 384, 386, 388, 390, 392, 394, 396, 398, 400, 402, 404, 406, 408, 410, 412, 414, 416, 418, 420, 422, 424, 426, 428, 430, 432, 434, 436, 438, 440, 442, 444, 446, 448, 450, 452, 454, 456, 458, 460, 462, 464, 466, 468, 470, 472, 474, 476, 478, 480, 482, 484, 486, 488, 490, 492, 494, 496, 498, 500, 502, 504 ];[ 0, 6300, 16380, 49560, 73500, 167160, 160440, 268800, 262080, 449400, 382200, 717500, 542640, 873180, 778260, 1167600, 981540, 1543500, 1086960, 1655920, 1411620, 1991640, 1582980, 2433900, 1759800, 2798880, 2204160, 3067680, 2182740, 3256260, 2468900, 3653580, 2840880, 3913980, 2815680, 4247460, 3044160, 4141200, 3153360, 4360440, 3298260, 4908680, 3298260, 4360440, 3153360, 4141200, 3044160, 4247460, 2815680, 3913980, 2840880, 3653580, 2468900, 3256260, 2182740, 3067680, 2204160, 2798880, 1759800, 2433900, 1582980, 1991640, 1411620, 1655920, 1086960, 1543500, 981540, 1167600, 778260, 873180, 542640, 717500, 382200, 449400, 262080, 268800, 160440, 167160, 73500, 49560, 16380, 6300, 0 ];5.9999;29.957;209.36
431;[ 350, 352, 354, 356, 358, 360, 362, 364, 366, 368, 370, 372, 374, 376, 378, 380, 382, 384, 386, 388, 390, 392, 394, 396, 398, 400, 402, 404, 406, 408, 410, 412, 414, 416, 418, 420, 422, 424, 426, 428, 430, 432, 434, 436, 438, 440, 442, 444, 446, 448, 450, 452, 454, 456, 458, 460, 462, 464, 466, 468, 470, 472, 474, 476, 478, 480, 482, 484, 486, 488, 490, 492, 494, 496, 498, 500, 502, 504, 506, 508, 510, 512, 514 ];[ 430, 19350, 24940, 76970, 79120, 202100, 187910, 299280, 357330, 522880, 421830, 798940, 579640, 1017380, 919340, 1102090, 949870, 1922530, 1161430, 1642170, 1713980, 2282440, 1624970, 2647080, 1800410, 2932170, 2515070, 2888310, 2262660, 4136170, 2537860, 3490740, 3255530, 4079840, 2829400, 4662490, 3127390, 4685710, 3652850, 4009750, 3311000, 5921960, 3311000, 4009750, 3652850, 4685710, 3127390, 4662490, 2829400, 4079840, 3255530, 3490740, 2537860, 4136170, 2262660, 2888310, 2515070, 2932170, 1800410, 2647080, 1624970, 2282440, 1713980, 1642170, 1161430, 1922530, 949870, 1102090, 919340, 1017380, 579640, 798940, 421830, 522880, 357330, 299280, 187910, 202100, 79120, 76970, 24940, 19350, 430 ];2.0000;9.9860;69.790
433;[ 352, 354, 356, 358, 360, 362, 364, 366, 368, 370, 372, 374, 376, 378, 380, 382, 384, 386, 388, 390, 392, 394, 396, 398, 400, 402, 404, 406, 408, 410, 412, 414, 416, 418, 420, 422, 424, 426, 428, 430, 432, 434, 436, 438, 440, 442, 444, 446, 448, 450, 452, 454, 456, 458, 460, 462, 464, 466, 468, 470, 472, 474, 476, 478, 480, 482, 484, 486, 488, 490, 492, 494, 496, 498, 500, 502, 504, 506, 508, 510, 512, 514, 516 ];[ 2160, 13824, 37152, 74088, 101520, 189792, 174960, 358560, 319248, 571536, 457056, 787968, 597024, 985392, 887760, 1308960, 1081728, 1615248, 1217376, 1865808, 1616544, 2285712, 1663632, 2593296, 1919376, 3078000, 2391984, 3282336, 2334960, 3530736, 2701296, 3941568, 3018384, 4126032, 3062448, 4676832, 3376944, 4441392, 3327696, 4581216, 3489840, 5442480, 3489840, 4581216, 3327696, 4441392, 3376944, 4676832, 3062448, 4126032, 3018384, 3941568, 2701296, 3530736, 2334960, 3282336, 2391984, 3078000, 1919376, 2593296, 1663632, 2285712, 1616544, 1865808, 1217376, 1615248, 1081728, 1308960, 887760, 985392, 597024, 787968, 457056, 571536, 319248, 358560, 174960, 189792, 101520, 74088, 37152, 13824, 2160 ];5.9999;29.958;209.37
439;[ 358, 360, 362, 364, 366, 368, 370, 372, 374, 376, 378, 380, 382, 384, 386, 388, 390, 392, 394, 396, 398, 400, 402, 404, 406, 408, 410, 412, 414, 416, 418, 420, 422, 424, 426, 428, 430, 432, 434, 436, 438, 440, 442, 444, 446, 448, 450, 452, 454, 456, 458, 460, 462, 464, 466, 468, 470, 472, 474, 476, 478, 480, 482, 484, 486, 488, 490, 492, 494, 496, 498, 500, 502, 504, 506, 508, 510, 512, 514, 516, 518, 520, 522 ];[ 3066, 32412, 31536, 88914, 107310, 248346, 214182, 344706, 347772, 595680, 490560, 825630, 634662, 1125514, 971192, 1239540, 1106826, 1864566, 1313562, 1867632, 1613154, 2524194, 1744116, 2673990, 2133060, 3138270, 2399802, 3134474, 2549598, 4035294, 2670486, 3874110, 3044976, 4655940, 3264852, 4288020, 3385302, 5075982, 3697596, 4508334, 3479910, 5749772, 3479910, 4508334, 3697596, 5075982, 3385302, 4288020, 3264852, 4655940, 3044976, 3874110, 2670486, 4035294, 2549598, 3134474, 2399802, 3138270, 2133060, 2673990, 1744116, 2524194, 1613154, 1867632, 1313562, 1864566, 1106826, 1239540, 971192, 1125514, 634662, 825630, 490560, 595680, 347772, 344706, 214182, 248346, 107310, 88914, 31536, 32412, 3066 ];5.9999;29.959;209.38
443;[ 360, 362, 364, 366, 368, 370, 372, 374, 376, 378, 380, 382, 384, 386, 388, 390, 392, 394, 396, 398, 400, 402, 404, 406, 408, 410, 412, 414, 416, 418, 420, 422, 424, 426, 428, 430, 432, 434, 436, 438, 440, 442, 444, 446, 448, 450, 452, 454, 456, 458, 460, 462, 464, 466, 468, 470, 472, 474, 476, 478, 480, 482, 484, 486, 488, 490, 492, 494, 496, 498, 500, 502, 504, 506, 508, 510, 512, 514, 516, 518, 520, 522, 524, 526, 528 ];[ 221, 4862, 26520, 55692, 92820, 105196, 303654, 225862, 335036, 357136, 598468, 508742, 975936, 689520, 1092182, 981240, 1260142, 1143896, 2083146, 1267656, 1797614, 1825018, 2520284, 1798940, 2851342, 1924468, 3185494, 2814214, 3114774, 2418182, 4467294, 2687802, 3745508, 3512132, 4450498, 3041844, 4952610, 3334006, 5068856, 3989492, 4285190, 3489148, 6328114, 3489148, 4285190, 3989492, 5068856, 3334006, 4952610, 3041844, 4450498, 3512132, 3745508, 2687802, 4467294, 2418182, 3114774, 2814214, 3185494, 1924468, 2851342, 1798940, 2520284, 1825018, 1797614, 1267656, 2083146, 1143896, 1260142, 981240, 1092182, 689520, 975936, 508742, 598468, 357136, 335036, 225862, 303654, 105196, 92820, 55692, 26520, 4862, 221 ];2.0000;9.9863;69.796
449;[ 366, 368, 370, 372, 374, 376, 378, 380, 382, 384, 386, 388, 390, 392, 394, 396, 398, 400, 402, 404, 406, 408, 410, 412, 414, 416, 418, 420, 422, 424, 426, 428, 430, 432, 434, 436, 438, 440, 442, 444, 446, 448, 450, 452, 454, 456, 458, 460, 462, 464, 466, 468, 470, 472, 474, 476, 478, 480, 482, 484, 486, 488, 490, 492, 494, 496, 498, 500, 502, 504, 506, 508, 510, 512, 514, 516, 518, 520, 522, 524, 526, 528, 530, 532, 534 ];[ 2464, 10304, 34048, 58688, 116928, 134400, 269696, 254912, 395584, 449344, 667968, 513856, 1054144, 672896, 1090880, 1068480, 1371328, 1173760, 2083648, 1395520, 2076032, 1921024, 2411136, 1779456, 3293696, 2024064, 3091648, 2821056, 3383744, 2636928, 4441024, 2758336, 4125632, 3538752, 4426688, 3301760, 5377792, 3422720, 4662784, 4213440, 4998784, 3515904, 6150592, 3515904, 4998784, 4213440, 4662784, 3422720, 5377792, 3301760, 4426688, 3538752, 4125632, 2758336, 4441024, 2636928, 3383744, 2821056, 3091648, 2024064, 3293696, 1779456, 2411136, 1921024, 2076032, 1395520, 2083648, 1173760, 1371328, 1068480, 1090880, 672896, 1054144, 513856, 667968, 449344, 395584, 254912, 269696, 134400, 116928, 58688, 34048, 10304, 2464 ];2.0000;9.9866;69.799
457;[ 374, 376, 378, 380, 382, 384, 386, 388, 390, 392, 394, 396, 398, 400, 402, 404, 406, 408, 410, 412, 414, 416, 418, 420, 422, 424, 426, 428, 430, 432, 434, 436, 438, 440, 442, 444, 446, 448, 450, 452, 454, 456, 458, 460, 462, 464, 466, 468, 470, 472, 474, 476, 478, 480, 482, 484, 486, 488, 490, 492, 494, 496, 498, 500, 502, 504, 506, 508, 510, 512, 514, 516, 518, 520, 522, 524, 526, 528, 530, 532, 534, 536, 538, 540, 542 ];[ 4104, 10488, 55176, 67488, 169632, 158688, 285152, 286368, 434112, 482448, 736440, 583224, 1099872, 760608, 1267680, 1108992, 1459428, 1321488, 2024640, 1543104, 2371656, 1758792, 2668968, 1975848, 3144120, 2390808, 3410424, 2775216, 3799848, 2856384, 4150968, 2934816, 4620040, 3422736, 4955808, 3546312, 5148696, 3872960, 5044728, 4036968, 5371680, 3822192, 6176216, 3822192, 5371680, 4036968, 5044728, 3872960, 5148696, 3546312, 4955808, 3422736, 4620040, 2934816, 4150968, 2856384, 3799848, 2775216, 3410424, 2390808, 3144120, 1975848, 2668968, 1758792, 2371656, 1543104, 2024640, 1321488, 1459428, 1108992, 1267680, 760608, 1099872, 583224, 736440, 482448, 434112, 286368, 285152, 158688, 169632, 67488, 55176, 10488, 4104 ];6.0000;29.960;209.40
461;[ 378, 380, 382, 384, 386, 388, 390, 392, 394, 396, 398, 400, 402, 404, 406, 408, 410, 412, 414, 416, 418, 420, 422, 424, 426, 428, 430, 432, 434, 436, 438, 440, 442, 444, 446, 448, 450, 452, 454, 456, 458, 460, 462, 464, 466, 468, 470, 472, 474, 476, 478, 480, 482, 484, 486, 488, 490, 492, 494, 496, 498, 500, 502, 504, 506, 508, 510, 512, 514, 516, 518, 520, 522, 524, 526, 528, 530, 532, 534, 536, 538, 540, 542, 544, 546 ];[ 11500, 22540, 52900, 74060, 141220, 159620, 364320, 330740, 495880, 502780, 677120, 598920, 1183120, 797180, 1207960, 1169780, 1587000, 1230040, 2385100, 1450380, 2270100, 2145440, 2622460, 1984440, 3394800, 2221340, 3444480, 3068200, 3737960, 2756780, 4577460, 3012080, 4435780, 3889300, 4674520, 3435280, 5933540, 3662520, 5017220, 4385640, 5201680, 3871360, 6727040, 3871360, 5201680, 4385640, 5017220, 3662520, 5933540, 3435280, 4674520, 3889300, 4435780, 3012080, 4577460, 2756780, 3737960, 3068200, 3444480, 2221340, 3394800, 1984440, 2622460, 2145440, 2270100, 1450380, 2385100, 1230040, 1587000, 1169780, 1207960, 797180, 1183120, 598920, 677120, 502780, 495880, 330740, 364320, 159620, 141220, 74060, 52900, 22540, 11500 ];2.0000;9.9868;69.804
463;[ 378, 380, 382, 384, 386, 388, 390, 392, 394, 396, 398, 400, 402, 404, 406, 408, 410, 412, 414, 416, 418, 420, 422, 424, 426, 428, 430, 432, 434, 436, 438, 440, 442, 444, 446, 448, 450, 452, 454, 456, 458, 460, 462, 464, 466, 468, 470, 472, 474, 476, 478, 480, 482, 484, 486, 488, 490, 492, 494, 496, 498, 500, 502, 504, 506, 508, 510, 512, 514, 516, 518, 520, 522, 524, 526, 528, 530, 532, 534, 536, 538, 540, 542, 544, 546, 548, 550 ];[ 0, 3696, 26796, 73920, 70224, 158004, 164010, 379302, 336336, 482790, 451066, 797874, 636174, 1004388, 886116, 1513974, 1097712, 1518594, 1331484, 2289672, 1571262, 2156154, 1926078, 3034724, 2176020, 3050124, 2328942, 3734808, 2903208, 3774078, 2906904, 4573338, 3172092, 4439512, 3721872, 5101404, 3554166, 5130972, 4037418, 5869710, 3963498, 5086620, 4040190, 6699616, 4040190, 5086620, 3963498, 5869710, 4037418, 5130972, 3554166, 5101404, 3721872, 4439512, 3172092, 4573338, 2906904, 3774078, 2903208, 3734808, 2328942, 3050124, 2176020, 3034724, 1926078, 2156154, 1571262, 2289672, 1331484, 1518594, 1097712, 1513974, 886116, 1004388, 636174, 797874, 451066, 482790, 336336, 379302, 164010, 158004, 70224, 73920, 26796, 3696, 0 ];6.0000;29.961;209.41
729;[ 622, 624, 626, 628, 630, 632, 634, 636, 638, 640, 642, 644, 646, 648, 650, 652, 654, 656, 658, 660, 662, 664, 666, 668, 670, 672, 674, 676, 678, 680, 682, 684, 686, 688, 690, 692, 694, 696, 698, 700, 702, 704, 706, 708, 710, 712, 714, 716, 718, 720, 722, 724, 726, 728, 730, 732, 734, 736, 738, 740, 742, 744, 746, 748, 750, 752, 754, 756, 758, 760, 762, 764, 766, 768, 770, 772, 774, 776, 778, 780, 782, 784, 786, 788, 790, 792, 794, 796, 798, 800, 802, 804, 806, 808, 810, 812, 814, 816, 818, 820, 822, 824, 826, 828, 830, 832, 834, 836, 838 ];[ 0, 8736, 28392, 144144, 221312, 159432, 707616, 360360, 617708, 1202656, 945672, 1009008, 2725632, 980616, 1860040, 2909088, 2441712, 2000544, 5826912, 2470104, 3350256, 5560464, 4436432, 3144960, 9941568, 3520608, 5584488, 8369088, 5976880, 4706520, 13791960, 5257616, 7844200, 11583936, 8543808, 6381648, 18170880, 6995352, 9620520, 14921088, 10576384, 7923552, 22005984, 7956312, 11859848, 16733808, 12531792, 9181536, 24976224, 9271080, 12722528, 19000800, 13680576, 9538984, 28155400, 9538984, 13680576, 19000800, 12722528, 9271080, 24976224, 9181536, 12531792, 16733808, 11859848, 7956312, 22005984, 7923552, 10576384, 14921088, 9620520, 6995352, 18170880, 6381648, 8543808, 11583936, 7844200, 5257616, 13791960, 4706520, 5976880, 8369088, 5584488, 3520608, 9941568, 3144960, 4436432, 5560464, 3350256, 2470104, 5826912, 2000544, 2441712, 2909088, 1860040, 980616, 2725632, 1009008, 945672, 1202656, 617708, 360360, 707616, 159432, 221312, 144144, 28392, 8736, 0 ];2.0000;9.9917;69.876
1009;[ 884, 886, 888, 890, 892, 894, 896, 898, 900, 902, 904, 906, 908, 910, 912, 914, 916, 918, 920, 922, 924, 926, 928, 930, 932, 934, 936, 938, 940, 942, 944, 946, 948, 950, 952, 954, 956, 958, 960, 962, 964, 966, 968, 970, 972, 974, 976, 978, 980, 982, 984, 986, 988, 990, 992, 994, 996, 998, 1000, 1002, 1004, 1006, 1008, 1010, 1012, 1014, 1016, 1018, 1020, 1022, 1024, 1026, 1028, 1030, 1032, 1034, 1036, 1038, 1040, 1042, 1044, 1046, 1048, 1050, 1052, 1054, 1056, 1058, 1060, 1062, 1064, 1066, 1068, 1070, 1072, 1074, 1076, 1078, 1080, 1082, 1084, 1086, 1088, 1090, 1092, 1094, 1096, 1098, 1100, 1102, 1104, 1106, 1108, 1110, 1112, 1114, 1116, 1118, 1120, 1122, 1124, 1126, 1128, 1130, 1132, 1134, 1136 ];[ 1008, 64176, 111888, 266112, 346752, 693504, 644112, 1235808, 1155168, 2012976, 1713600, 2813328, 2525040, 3851568, 3060288, 5386752, 3892896, 6015744, 5299056, 7196112, 5741568, 9583056, 6838272, 10757376, 8464176, 11939256, 9330048, 14056560, 10638432, 15347808, 12467952, 17567424, 12676944, 20211408, 13936608, 20737584, 16601760, 22143744, 17505936, 25132464, 18086544, 26510400, 19911024, 28827792, 20390832, 32258016, 21725424, 31483872, 24289776, 32815440, 24636528, 35673456, 25232256, 36042048, 27067824, 37428048, 28006272, 38761632, 28460880, 37614528, 29303568, 40506480, 27700848, 45023664, 27700848, 40506480, 29303568, 37614528, 28460880, 38761632, 28006272, 37428048, 27067824, 36042048, 25232256, 35673456, 24636528, 32815440, 24289776, 31483872, 21725424, 32258016, 20390832, 28827792, 19911024, 26510400, 18086544, 25132464, 17505936, 22143744, 16601760, 20737584, 13936608, 20211408, 12676944, 17567424, 12467952, 15347808, 10638432, 14056560, 9330048, 11939256, 8464176, 10757376, 6838272, 9583056, 5741568, 7196112, 5299056, 6015744, 3892896, 5386752, 3060288, 3851568, 2525040, 2813328, 1713600, 2012976, 1155168, 1235808, 644112, 693504, 346752, 266112, 111888, 64176, 1008 ];6.0000;29.982;209.73
2003;[ 1826, 1828, 1830, 1832, 1834, 1836, 1838, 1840, 1842, 1844, 1846, 1848, 1850, 1852, 1854, 1856, 1858, 1860, 1862, 1864, 1866, 1868, 1870, 1872, 1874, 1876, 1878, 1880, 1882, 1884, 1886, 1888, 1890, 1892, 1894, 1896, 1898, 1900, 1902, 1904, 1906, 1908, 1910, 1912, 1914, 1916, 1918, 1920, 1922, 1924, 1926, 1928, 1930, 1932, 1934, 1936, 1938, 1940, 1942, 1944, 1946, 1948, 1950, 1952, 1954, 1956, 1958, 1960, 1962, 1964, 1966, 1968, 1970, 1972, 1974, 1976, 1978, 1980, 1982, 1984, 1986, 1988, 1990, 1992, 1994, 1996, 1998, 2000, 2002, 2004, 2006, 2008, 2010, 2012, 2014, 2016, 2018, 2020, 2022, 2024, 2026, 2028, 2030, 2032, 2034, 2036, 2038, 2040, 2042, 2044, 2046, 2048, 2050, 2052, 2054, 2056, 2058, 2060, 2062, 2064, 2066, 2068, 2070, 2072, 2074, 2076, 2078, 2080, 2082, 2084, 2086, 2088, 2090, 2092, 2094, 2096, 2098, 2100, 2102, 2104, 2106, 2108, 2110, 2112, 2114, 2116, 2118, 2120, 2122, 2124, 2126, 2128, 2130, 2132, 2134, 2136, 2138, 2140, 2142, 2144, 2146, 2148, 2150, 2152, 2154, 2156, 2158, 2160, 2162, 2164, 2166, 2168, 2170, 2172, 2174, 2176, 2178, 2180, 2182 ];[ 10010, 80080, 226226, 690690, 952952, 2760758, 1697696, 2850848, 3439436, 6786780, 4522518, 7629622, 6464458, 11491480, 10726716, 13313300, 10542532, 20558538, 13801788, 19975956, 20304284, 26616590, 19427408, 33393360, 24146122, 35877842, 31121090, 37032996, 30792762, 61263202, 34292258, 45071026, 45319274, 62280218, 44130086, 69877808, 44984940, 71089018, 61793732, 72418346, 56562506, 101901800, 58278220, 82428346, 80794714, 101425324, 68264196, 112196084, 74348274, 121651530, 98015918, 103259156, 83617534, 159100942, 94306212, 121459338, 111215104, 138772634, 101659558, 164682518, 103583480, 158190032, 127413286, 145979834, 119317198, 206085880, 114178064, 154029876, 148940792, 194914720, 128542414, 192403211, 127291164, 200664464, 165281116, 182536354, 133633500, 244009766, 142538396, 189521332, 174864690, 214075862, 143331188, 233156924, 155931776, 221977756, 175381206, 191048858, 151365214, 288302014, 151365214, 191048858, 175381206, 221977756, 155931776, 233156924, 143331188, 214075862, 174864690, 189521332, 142538396, 244009766, 133633500, 182536354, 165281116, 200664464, 127291164, 192403211, 128542414, 194914720, 148940792, 154029876, 114178064, 206085880, 119317198, 145979834, 127413286, 158190032, 103583480, 164682518, 101659558, 138772634, 111215104, 121459338, 94306212, 159100942, 83617534, 103259156, 98015918, 121651530, 74348274, 112196084, 68264196, 101425324, 80794714, 82428346, 58278220, 101901800, 56562506, 72418346, 61793732, 71089018, 44984940, 69877808, 44130086, 62280218, 45319274, 45071026, 34292258, 61263202, 30792762, 37032996, 31121090, 35877842, 24146122, 33393360, 19427408, 26616590, 20304284, 19975956, 13801788, 20558538, 10542532, 13313300, 10726716, 11491480, 6464458, 7629622, 4522518, 6786780, 3439436, 2850848, 1697696, 2760758, 952952, 690690, 226226, 80080, 10010 ];2.0000;9.9969;69.955
